,accident_date,operator_id,days_pick_start,days_absent,days_excused,days_holiday,days_late,days_medical,days_vacation,days_last_accident,days_employment,freq_absence_one_week,freq_extra_one_week,freq_absence_one_month,freq_extra_one_month,freq_absence_two_month,freq_extra_two_month
0,2016-04-20,1.0,16.0,-1.0,-1.0,-1.0,-1.0,-1.0,-1.0,-1.0,16,0.0,0.29,0.0,0.18,0.0,0.18
1,2017-01-03,1.0,1.0,55.0,145.0,-1.0,-1.0,-1.0,9.0,258.0,274,0.0,0.14,0.7,0.03,0.62,0.07
2,2018-06-11,1.0,70.0,5.0,11.0,381.0,452.0,389.0,64.0,524.0,798,0.14,0.0,0.1,0.1,0.1,0.12
3,2018-09-21,1.0,18.0,107.0,37.0,483.0,554.0,491.0,2.0,102.0,900,0.14,0.0,0.03,0.03,0.1,0.02
4,2017-05-05,2.0,32.0,85.0,134.0,-1.0,337.0,-1.0,46.0,-1.0,396,0.0,0.0,0.0,0.03,0.12,0.02
5,2019-01-22,2.0,15.0,64.0,20.0,-1.0,964.0,-1.0,12.0,627.0,1023,0.0,0.14,0.3,0.07,0.18,0.03
6,2017-09-27,5.0,23.0,83.0,243.0,107.0,-1.0,374.0,31.0,-1.0,541,0.0,0.0,0.0,0.03,0.13,0.08
7,2016-10-04,7.0,28.0,68.0,20.0,-1.0,-1.0,4.0,9.0,-1.0,183,0.14,0.0,0.33,0.03,0.3,0.03
8,2016-09-16,9.0,81.0,-1.0,20.0,-1.0,-1.0,-1.0,54.0,-1.0,165,0.0,0.0,0.03,0.07,0.12,0.08
9,2016-12-07,10.0,92.0,26.0,2.0,192.0,-1.0,56.0,3.0,-1.0,247,0.71,0.0,0.37,0.13,0.23,0.08
10,2016-10-03,12.0,27.0,4.0,56.0,-1.0,119.0,-1.0,8.0,-1.0,182,0.29,0.0,0.73,0.0,0.48,0.05
11,2017-05-20,12.0,47.0,33.0,59.0,-1.0,348.0,90.0,237.0,229.0,411,0.0,0.0,0.0,0.0,0.05,0.02
12,2017-08-22,12.0,57.0,30.0,153.0,-1.0,442.0,184.0,2.0,94.0,505,0.71,0.0,0.93,0.0,0.6,0.0
13,2018-03-14,12.0,72.0,25.0,38.0,123.0,646.0,388.0,206.0,204.0,709,0.0,0.0,0.03,0.0,0.13,0.0
14,2018-03-19,12.0,77.0,30.0,43.0,128.0,651.0,393.0,211.0,5.0,714,0.0,0.0,0.0,0.0,0.1,0.0
15,2018-01-30,13.0,29.0,46.0,8.0,220.0,253.0,606.0,23.0,-1.0,666,0.0,0.0,0.3,0.0,0.2,0.02
16,2018-04-20,13.0,18.0,9.0,3.0,52.0,333.0,686.0,103.0,80.0,746,0.14,0.0,0.13,0.0,0.12,0.02
17,2016-07-22,16.0,25.0,-1.0,27.0,-1.0,-1.0,-1.0,33.0,-1.0,109,0.0,0.0,0.03,0.0,0.13,0.0
18,2016-11-10,17.0,65.0,21.0,10.0,96.0,-1.0,-1.0,11.0,-1.0,220,0.0,0.0,0.3,0.0,0.18,0.0
19,2017-07-31,18.0,35.0,150.0,7.0,316.0,-1.0,15.0,8.0,-1.0,483,0.0,0.0,0.77,0.0,0.85,0.0
20,2016-06-27,19.0,84.0,34.0,21.0,14.0,-1.0,-1.0,-1.0,-1.0,84,0.0,0.14,0.07,0.13,0.07,0.13
21,2017-05-18,19.0,45.0,48.0,14.0,339.0,-1.0,-1.0,60.0,325.0,409,0.0,0.0,0.03,0.0,0.03,0.0
22,2016-04-20,20.0,16.0,14.0,-1.0,-1.0,-1.0,-1.0,-1.0,-1.0,16,0.0,0.0,0.12,0.06,0.12,0.06
23,2016-08-30,21.0,64.0,29.0,-1.0,-1.0,-1.0,-1.0,95.0,-1.0,148,0.0,0.0,0.03,0.07,0.03,0.08
24,2019-07-23,22.0,22.0,2.0,48.0,494.0,-1.0,-1.0,65.0,-1.0,1205,0.29,0.0,0.07,0.0,0.05,0.0
25,2016-04-10,23.0,6.0,-1.0,-1.0,-1.0,-1.0,-1.0,-1.0,-1.0,6,0.0,0.14,0.0,0.14,0.0,0.14
26,2016-10-08,23.0,32.0,20.0,10.0,-1.0,-1.0,-1.0,41.0,181.0,187,0.0,0.14,0.2,0.03,0.43,0.03
27,2017-03-23,23.0,80.0,13.0,34.0,161.0,89.0,-1.0,10.0,166.0,353,0.0,0.0,0.1,0.03,0.15,0.02
28,2016-05-23,24.0,49.0,14.0,35.0,-1.0,-1.0,-1.0,1.0,-1.0,49,0.86,0.0,0.3,0.0,0.24,0.02
29,2016-08-23,24.0,57.0,106.0,127.0,-1.0,-1.0,-1.0,2.0,92.0,141,0.71,0.0,0.23,0.0,0.38,0.0
30,2016-11-17,24.0,72.0,14.0,9.0,-1.0,-1.0,-1.0,25.0,86.0,227,0.0,0.0,0.27,0.0,0.18,0.03
31,2018-04-16,24.0,14.0,13.0,32.0,120.0,-1.0,27.0,78.0,515.0,742,0.0,0.0,0.1,0.0,0.12,0.0
32,2017-11-05,26.0,62.0,2.0,155.0,54.0,-1.0,-1.0,238.0,-1.0,580,0.29,0.0,0.07,0.0,0.05,0.0
33,2018-03-20,26.0,78.0,137.0,12.0,189.0,-1.0,-1.0,16.0,135.0,715,0.0,0.0,0.57,0.0,0.52,0.02
34,2018-11-27,26.0,85.0,178.0,84.0,76.0,-1.0,-1.0,149.0,252.0,967,0.0,0.0,0.0,0.0,0.0,0.0
35,2016-08-05,27.0,39.0,25.0,115.0,-1.0,-1.0,-1.0,41.0,-1.0,123,0.0,0.0,0.03,0.0,0.15,0.0
36,2016-08-17,27.0,51.0,2.0,127.0,-1.0,-1.0,-1.0,53.0,12.0,135,0.14,0.0,0.03,0.0,0.15,0.0
37,2018-12-06,27.0,94.0,31.0,1.0,24.0,16.0,787.0,10.0,841.0,976,0.29,0.0,0.23,0.0,0.17,0.0
38,2019-05-17,27.0,46.0,30.0,56.0,28.0,178.0,949.0,19.0,162.0,1138,0.0,0.0,0.27,0.0,0.17,0.0
39,2017-09-26,29.0,22.0,77.0,96.0,282.0,-1.0,432.0,44.0,-1.0,540,0.0,0.0,0.0,0.03,0.12,0.07
40,2019-02-07,29.0,31.0,7.0,71.0,781.0,483.0,931.0,36.0,499.0,1039,0.0,0.0,0.03,0.0,0.18,0.02
41,2017-02-08,30.0,37.0,103.0,1.0,52.0,184.0,-1.0,12.0,-1.0,310,0.29,0.0,0.1,0.0,0.2,0.02
42,2017-07-12,30.0,16.0,19.0,20.0,206.0,120.0,127.0,9.0,154.0,464,0.0,0.0,0.13,0.0,0.28,0.0
43,2017-08-02,31.0,37.0,9.0,201.0,72.0,-1.0,157.0,10.0,-1.0,485,0.0,0.0,0.5,0.0,0.25,0.0
44,2016-06-21,32.0,78.0,6.0,14.0,30.0,-1.0,-1.0,16.0,-1.0,78,0.14,0.0,0.57,0.0,0.4,0.0
45,2017-10-25,32.0,51.0,2.0,54.0,270.0,-1.0,164.0,171.0,491.0,569,0.14,0.0,0.03,0.0,0.08,0.0
46,2019-02-26,32.0,50.0,84.0,1.0,394.0,420.0,30.0,2.0,489.0,1058,0.86,0.0,0.4,0.03,0.6,0.02
47,2016-11-10,34.0,65.0,87.0,7.0,-1.0,3.0,8.0,53.0,-1.0,220,0.14,0.0,0.8,0.0,0.9,0.0
48,2016-05-14,35.0,40.0,27.0,17.0,-1.0,-1.0,8.0,-1.0,-1.0,40,0.0,0.0,0.23,0.07,0.17,0.05
49,2017-05-11,37.0,38.0,65.0,51.0,19.0,-1.0,2.0,4.0,-1.0,402,0.71,0.0,0.33,0.0,0.25,0.0
50,2019-02-12,37.0,36.0,11.0,15.0,284.0,-1.0,25.0,44.0,642.0,1044,0.0,0.0,0.1,0.0,0.22,0.0
51,2016-11-01,38.0,56.0,8.0,25.0,59.0,-1.0,85.0,-1.0,-1.0,211,0.0,0.0,0.07,0.0,0.05,0.0
52,2019-04-22,38.0,21.0,53.0,26.0,364.0,-1.0,1.0,64.0,902.0,1113,0.43,0.0,0.2,0.0,0.13,0.0
53,2019-07-15,38.0,14.0,45.0,6.0,83.0,-1.0,85.0,29.0,84.0,1197,0.14,0.0,0.07,0.0,0.15,0.0
54,2016-04-19,39.0,15.0,-1.0,-1.0,-1.0,-1.0,-1.0,-1.0,-1.0,15,0.0,0.0,0.0,0.0,0.0,0.0
55,2017-09-27,39.0,23.0,40.0,5.0,122.0,-1.0,77.0,25.0,526.0,541,0.14,0.0,0.23,0.0,0.35,0.02
56,2017-12-27,39.0,114.0,40.0,5.0,213.0,69.0,168.0,52.0,91.0,632,0.29,0.0,0.2,0.0,0.23,0.0
57,2018-09-13,40.0,10.0,130.0,1.0,264.0,-1.0,3.0,102.0,-1.0,892,0.86,0.0,0.93,0.0,0.97,0.0
58,2018-09-25,40.0,22.0,6.0,1.0,276.0,-1.0,15.0,114.0,12.0,904,0.57,0.0,0.77,0.0,0.88,0.0
59,2016-07-07,41.0,10.0,63.0,79.0,-1.0,-1.0,-1.0,39.0,-1.0,94,0.0,0.14,0.0,0.13,0.12,0.1
60,2016-05-07,42.0,33.0,11.0,-1.0,-1.0,-1.0,-1.0,-1.0,-1.0,33,0.0,0.0,0.03,0.03,0.03,0.03
61,2018-04-24,42.0,22.0,27.0,35.0,331.0,26.0,-1.0,107.0,717.0,750,0.0,0.0,0.07,0.03,0.08,0.03
62,2016-04-04,43.0,0.0,-1.0,-1.0,-1.0,-1.0,-1.0,-1.0,-1.0,0,0.0,0.0,0.0,0.0,0.0,0.0
63,2018-02-28,43.0,58.0,49.0,26.0,249.0,197.0,-1.0,60.0,695.0,695,0.0,0.0,0.03,0.0,0.08,0.0
64,2016-07-07,45.0,10.0,6.0,7.0,47.0,-1.0,-1.0,34.0,-1.0,94,0.14,0.0,0.07,0.03,0.07,0.02
65,2018-09-20,45.0,17.0,99.0,1.0,251.0,97.0,14.0,74.0,805.0,899,0.14,0.0,0.1,0.03,0.07,0.02
66,2018-12-17,46.0,105.0,12.0,10.0,255.0,-1.0,122.0,1.0,-1.0,987,0.86,0.0,0.53,0.0,0.38,0.0
67,2018-05-31,47.0,59.0,9.0,2.0,99.0,-1.0,-1.0,18.0,-1.0,787,0.29,0.0,0.63,0.0,0.52,0.0
68,2018-02-08,51.0,38.0,167.0,66.0,68.0,-1.0,-1.0,74.0,-1.0,675,0.0,0.0,0.0,0.0,0.0,0.0
69,2019-05-22,52.0,51.0,264.0,68.0,171.0,-1.0,-1.0,178.0,-1.0,1143,0.0,0.0,0.0,0.0,0.0,0.0
70,2016-09-09,53.0,3.0,37.0,31.0,152.0,-1.0,46.0,5.0,-1.0,158,0.29,0.0,0.23,0.1,0.3,0.12
71,2017-09-21,53.0,17.0,103.0,27.0,164.0,-1.0,423.0,1.0,377.0,535,0.14,0.0,0.13,0.03,0.32,0.03
72,2018-01-18,53.0,17.0,222.0,49.0,283.0,-1.0,542.0,53.0,119.0,654,0.0,0.0,0.0,0.0,0.13,0.0
73,2018-04-17,53.0,15.0,31.0,62.0,372.0,12.0,631.0,41.0,89.0,743,0.0,0.0,0.03,0.03,0.07,0.02
74,2019-01-07,53.0,126.0,66.0,10.0,36.0,277.0,896.0,128.0,265.0,1008,0.0,0.0,0.07,0.0,0.12,0.0
75,2019-05-31,53.0,60.0,4.0,24.0,51.0,421.0,1040.0,9.0,144.0,1152,0.14,0.14,0.1,0.03,0.1,0.02
76,2017-05-25,54.0,52.0,7.0,16.0,11.0,-1.0,-1.0,151.0,-1.0,416,0.0,0.0,0.17,0.0,0.1,0.0
77,2018-08-01,54.0,37.0,9.0,41.0,79.0,-1.0,-1.0,24.0,433.0,849,0.0,0.0,0.3,0.0,0.32,0.0
78,2018-02-01,55.0,31.0,26.0,134.0,-1.0,-1.0,13.0,60.0,-1.0,668,0.0,0.0,0.2,0.0,0.1,0.0
79,2019-01-16,55.0,9.0,36.0,483.0,249.0,-1.0,307.0,45.0,349.0,1017,0.0,0.0,0.0,0.0,0.13,0.0
80,2019-04-24,55.0,23.0,3.0,85.0,45.0,9.0,405.0,143.0,98.0,1115,0.57,0.0,0.17,0.0,0.12,0.0
81,2019-06-18,55.0,78.0,58.0,140.0,37.0,64.0,460.0,9.0,55.0,1170,0.0,0.0,0.23,0.0,0.28,0.0
82,2016-06-16,56.0,73.0,64.0,-1.0,-1.0,-1.0,-1.0,4.0,-1.0,73,0.43,0.0,0.23,0.0,0.12,0.0
83,2017-12-04,56.0,91.0,332.0,77.0,19.0,-1.0,-1.0,43.0,536.0,609,0.0,0.0,0.03,0.0,0.13,0.0
84,2018-04-06,56.0,4.0,455.0,200.0,142.0,-1.0,-1.0,23.0,123.0,732,0.0,0.0,0.03,0.0,0.03,0.0
85,2019-04-15,57.0,14.0,108.0,33.0,154.0,129.0,409.0,50.0,-1.0,1106,0.0,0.0,0.0,0.07,0.13,0.03
86,2017-06-27,58.0,1.0,19.0,4.0,278.0,104.0,8.0,23.0,-1.0,449,0.14,0.0,0.57,0.0,0.47,0.0
87,2018-08-06,58.0,42.0,8.0,25.0,683.0,509.0,26.0,1.0,405.0,854,0.86,0.0,0.7,0.0,0.83,0.0
88,2016-08-03,59.0,37.0,16.0,78.0,-1.0,-1.0,27.0,-1.0,-1.0,121,0.0,0.0,0.17,0.03,0.55,0.02
89,2017-02-11,59.0,40.0,8.0,21.0,-1.0,-1.0,219.0,11.0,192.0,313,0.0,0.0,0.27,0.0,0.23,0.0
90,2017-04-26,59.0,23.0,72.0,6.0,-1.0,-1.0,15.0,71.0,74.0,387,0.14,0.0,0.17,0.0,0.12,0.02
91,2018-02-01,59.0,31.0,37.0,48.0,125.0,-1.0,8.0,13.0,281.0,668,0.0,0.0,0.37,0.0,0.28,0.0
92,2018-08-14,59.0,50.0,36.0,138.0,319.0,-1.0,7.0,37.0,194.0,862,0.0,0.0,0.27,0.0,0.3,0.0
93,2016-05-05,60.0,31.0,-1.0,-1.0,-1.0,-1.0,-1.0,-1.0,-1.0,31,0.0,0.0,0.0,0.0,0.0,0.0
94,2017-11-13,60.0,70.0,17.0,77.0,-1.0,-1.0,108.0,64.0,557.0,588,0.0,0.0,0.03,0.0,0.03,0.0
95,2018-03-26,60.0,84.0,150.0,10.0,-1.0,-1.0,77.0,99.0,133.0,721,0.0,0.0,0.03,0.0,0.02,0.0
96,2018-08-29,61.0,65.0,124.0,118.0,264.0,-1.0,33.0,24.0,-1.0,877,0.0,0.0,0.2,0.0,0.28,0.0
97,2019-04-22,61.0,21.0,68.0,46.0,120.0,-1.0,14.0,148.0,236.0,1113,0.0,0.0,0.03,0.0,0.03,0.0
98,2019-06-10,61.0,70.0,117.0,95.0,169.0,-1.0,16.0,197.0,49.0,1162,0.0,0.0,0.03,0.0,0.03,0.0
99,2017-05-18,62.0,45.0,8.0,143.0,-1.0,177.0,-1.0,179.0,-1.0,409,0.0,0.0,0.03,0.0,0.03,0.0
100,2017-06-20,62.0,78.0,41.0,21.0,-1.0,210.0,-1.0,1.0,33.0,442,0.29,0.0,0.33,0.0,0.18,0.0
101,2019-07-01,62.0,91.0,18.0,14.0,-1.0,164.0,670.0,6.0,741.0,1183,0.14,0.0,0.17,0.0,0.2,0.02
102,2016-05-09,63.0,35.0,13.0,-1.0,-1.0,-1.0,-1.0,-1.0,-1.0,35,0.0,0.0,0.07,0.0,0.06,0.0
103,2017-09-19,63.0,15.0,217.0,35.0,-1.0,-1.0,-1.0,2.0,498.0,533,0.71,0.0,0.63,0.03,0.33,0.03
104,2016-07-01,64.0,4.0,-1.0,73.0,-1.0,-1.0,-1.0,-1.0,-1.0,88,0.0,0.0,0.0,0.0,0.0,0.0
105,2017-08-02,64.0,37.0,1.0,57.0,-1.0,-1.0,-1.0,269.0,397.0,485,0.14,0.0,0.03,0.0,0.03,0.0
106,2016-07-06,65.0,9.0,8.0,-1.0,-1.0,7.0,71.0,-1.0,-1.0,93,0.0,0.0,0.07,0.0,0.05,0.0
107,2016-12-07,65.0,92.0,67.0,70.0,42.0,161.0,225.0,59.0,154.0,247,0.0,0.0,0.0,0.0,0.03,0.0
108,2017-04-14,66.0,11.0,40.0,38.0,-1.0,356.0,-1.0,110.0,-1.0,375,0.0,0.0,0.0,0.0,0.08,0.0
109,2017-04-28,66.0,25.0,54.0,52.0,-1.0,370.0,-1.0,5.0,14.0,389,0.29,0.0,0.23,0.0,0.17,0.0
110,2017-09-06,66.0,2.0,102.0,13.0,-1.0,501.0,-1.0,17.0,131.0,520,0.0,0.0,0.47,0.03,0.27,0.03
111,2019-05-17,66.0,46.0,128.0,64.0,-1.0,1119.0,-1.0,14.0,618.0,1138,0.0,0.14,0.03,0.13,0.02,0.1
112,2016-07-08,67.0,11.0,49.0,3.0,-1.0,-1.0,-1.0,5.0,-1.0,95,0.43,0.0,0.27,0.0,0.28,0.0
113,2016-07-25,68.0,28.0,11.0,46.0,-1.0,-1.0,-1.0,78.0,-1.0,112,0.0,0.14,0.03,0.03,0.07,0.02
114,2018-05-27,68.0,55.0,59.0,45.0,185.0,-1.0,-1.0,7.0,671.0,783,0.0,0.0,0.03,0.0,0.05,0.0
115,2017-06-19,69.0,77.0,27.0,3.0,220.0,68.0,13.0,71.0,-1.0,441,0.29,0.0,0.27,0.0,0.22,0.0
116,2016-05-06,70.0,32.0,-1.0,-1.0,-1.0,-1.0,-1.0,-1.0,-1.0,32,0.0,0.0,0.0,0.07,0.0,0.06
117,2017-04-13,70.0,10.0,5.0,3.0,-1.0,38.0,97.0,256.0,342.0,374,0.57,0.0,0.2,0.0,0.13,0.0
118,2017-02-27,71.0,56.0,26.0,67.0,-1.0,301.0,-1.0,85.0,-1.0,329,0.0,0.0,0.07,0.0,0.03,0.0
119,2019-06-03,71.0,63.0,67.0,66.0,87.0,1127.0,399.0,52.0,826.0,1155,0.0,0.0,0.0,0.03,0.02,0.02
120,2019-07-01,71.0,91.0,24.0,6.0,115.0,1155.0,427.0,80.0,28.0,1183,0.14,0.0,0.17,0.0,0.08,0.02
121,2017-02-27,73.0,56.0,5.0,-1.0,-1.0,-1.0,291.0,99.0,-1.0,329,0.14,0.0,0.03,0.0,0.02,0.0
122,2018-10-22,73.0,49.0,12.0,252.0,207.0,-1.0,893.0,1.0,602.0,931,0.86,0.0,0.3,0.0,0.2,0.0
123,2019-01-24,73.0,17.0,9.0,44.0,301.0,-1.0,987.0,53.0,94.0,1025,0.0,0.0,0.13,0.0,0.2,0.0
124,2016-12-13,74.0,98.0,81.0,5.0,162.0,-1.0,-1.0,-1.0,-1.0,253,0.29,0.0,0.1,0.0,0.05,0.0
125,2017-12-23,74.0,110.0,8.0,17.0,173.0,76.0,-1.0,293.0,375.0,628,0.0,0.0,0.17,0.0,0.17,0.0
126,2016-08-29,76.0,63.0,45.0,17.0,-1.0,62.0,-1.0,50.0,-1.0,147,0.0,0.0,0.03,0.0,0.17,0.0
127,2016-09-21,76.0,15.0,68.0,40.0,-1.0,85.0,-1.0,3.0,23.0,170,0.57,0.0,0.4,0.0,0.22,0.0
128,2017-08-21,76.0,56.0,13.0,35.0,-1.0,301.0,-1.0,43.0,334.0,504,0.0,0.0,0.03,0.0,0.15,0.0
129,2018-06-01,76.0,60.0,23.0,39.0,93.0,585.0,-1.0,62.0,284.0,788,0.0,0.0,0.03,0.0,0.07,0.0
130,2018-06-18,76.0,77.0,40.0,56.0,110.0,602.0,-1.0,79.0,17.0,805,0.0,0.0,0.0,0.0,0.03,0.0
131,2019-03-01,76.0,53.0,24.0,77.0,109.0,858.0,-1.0,124.0,256.0,1061,0.0,0.14,0.03,0.03,0.02,0.02
132,2019-03-19,76.0,71.0,13.0,95.0,127.0,876.0,-1.0,142.0,18.0,1079,0.0,0.0,0.1,0.03,0.07,0.02
133,2016-10-31,79.0,55.0,87.0,52.0,-1.0,24.0,38.0,-1.0,-1.0,210,0.0,0.0,0.03,0.0,0.08,0.0
134,2016-07-05,81.0,8.0,21.0,-1.0,-1.0,-1.0,28.0,37.0,-1.0,92,0.0,0.0,0.13,0.0,0.3,0.0
135,2017-01-09,81.0,7.0,23.0,17.0,118.0,-1.0,24.0,1.0,188.0,280,0.86,0.0,0.53,0.0,0.37,0.0
136,2017-12-14,81.0,101.0,6.0,29.0,92.0,-1.0,27.0,95.0,339.0,619,0.14,0.0,0.17,0.0,0.18,0.0
137,2017-06-06,82.0,64.0,21.0,1.0,231.0,-1.0,-1.0,44.0,-1.0,428,0.57,0.0,0.53,0.0,0.52,0.0
138,2019-07-22,82.0,21.0,40.0,10.0,277.0,-1.0,363.0,1.0,776.0,1204,0.86,0.0,0.43,0.0,0.42,0.02
139,2016-07-19,83.0,22.0,24.0,91.0,-1.0,12.0,-1.0,51.0,-1.0,106,0.0,0.0,0.07,0.0,0.18,0.0
140,2016-07-26,83.0,29.0,31.0,98.0,-1.0,4.0,-1.0,58.0,7.0,113,0.14,0.0,0.07,0.0,0.1,0.0
141,2018-03-26,83.0,84.0,28.0,42.0,-1.0,529.0,14.0,29.0,608.0,721,0.0,0.0,0.53,0.0,0.43,0.0
142,2018-06-27,83.0,2.0,12.0,47.0,-1.0,622.0,107.0,31.0,93.0,814,0.0,0.0,0.03,0.0,0.15,0.0
143,2018-06-29,83.0,4.0,14.0,49.0,-1.0,624.0,109.0,33.0,2.0,816,0.0,0.0,0.03,0.0,0.15,0.0
144,2018-12-04,83.0,92.0,18.0,34.0,98.0,33.0,267.0,9.0,158.0,974,0.0,0.0,0.3,0.0,0.18,0.0
145,2019-01-11,83.0,4.0,56.0,1.0,136.0,23.0,305.0,47.0,38.0,1012,0.14,0.0,0.07,0.0,0.17,0.0
146,2016-07-20,84.0,23.0,32.0,82.0,-1.0,-1.0,-1.0,17.0,-1.0,107,0.0,0.0,0.2,0.0,0.23,0.03
147,2016-07-29,84.0,32.0,41.0,91.0,-1.0,-1.0,-1.0,26.0,9.0,116,0.0,0.14,0.13,0.03,0.23,0.03
148,2018-01-05,84.0,4.0,8.0,31.0,443.0,-1.0,-1.0,159.0,525.0,641,0.0,0.0,0.07,0.0,0.1,0.0
149,2018-01-25,84.0,24.0,28.0,51.0,463.0,-1.0,-1.0,179.0,20.0,661,0.0,0.0,0.07,0.0,0.05,0.0
150,2016-06-14,85.0,71.0,22.0,-1.0,-1.0,28.0,-1.0,-1.0,-1.0,71,0.0,0.0,0.07,0.0,0.05,0.03
151,2017-02-10,85.0,39.0,61.0,36.0,-1.0,269.0,-1.0,103.0,241.0,312,0.0,0.0,0.0,0.0,0.02,0.02
152,2017-06-06,85.0,64.0,57.0,13.0,-1.0,71.0,-1.0,93.0,116.0,428,0.0,0.0,0.07,0.0,0.05,0.0
153,2017-09-13,85.0,9.0,27.0,33.0,-1.0,170.0,-1.0,59.0,99.0,527,0.0,0.0,0.03,0.0,0.08,0.0
154,2017-10-19,85.0,45.0,63.0,6.0,-1.0,206.0,-1.0,95.0,36.0,563,0.14,0.0,0.03,0.0,0.02,0.0
155,2018-01-09,85.0,8.0,66.0,4.0,-1.0,288.0,-1.0,16.0,82.0,645,0.14,0.0,0.27,0.0,0.15,0.02
156,2017-03-30,86.0,87.0,31.0,86.0,-1.0,-1.0,-1.0,200.0,-1.0,360,0.0,0.0,0.0,0.0,0.02,0.0
157,2018-10-24,86.0,51.0,23.0,7.0,-1.0,-1.0,-1.0,80.0,573.0,933,0.0,0.14,0.07,0.03,0.08,0.02
158,2017-09-06,87.0,2.0,30.0,6.0,-1.0,-1.0,86.0,59.0,-1.0,520,0.14,0.0,0.17,0.0,0.28,0.0
159,2018-10-29,87.0,301.0,4.0,6.0,10.0,417.0,32.0,113.0,418.0,938,0.43,0.0,0.27,0.0,0.6,0.0
160,2016-05-04,88.0,30.0,5.0,6.0,-1.0,-1.0,-1.0,10.0,-1.0,30,0.29,0.0,0.4,0.0,0.39,0.0
161,2017-09-18,88.0,14.0,140.0,95.0,-1.0,-1.0,-1.0,36.0,502.0,532,0.0,0.0,0.0,0.03,0.12,0.05
162,2018-03-08,88.0,66.0,69.0,6.0,-1.0,161.0,-1.0,207.0,171.0,703,0.14,0.0,0.03,0.0,0.02,0.0
163,2017-01-20,92.0,18.0,155.0,67.0,-1.0,-1.0,-1.0,68.0,-1.0,291,0.0,0.0,0.0,0.0,0.0,0.02
164,2018-08-27,92.0,63.0,41.0,220.0,-1.0,-1.0,4.0,15.0,584.0,875,0.14,0.0,0.43,0.0,0.27,0.0
165,2017-08-29,93.0,64.0,44.0,110.0,279.0,-1.0,-1.0,23.0,-1.0,512,0.0,0.0,0.23,0.0,0.4,0.0
166,2017-10-08,93.0,34.0,84.0,150.0,319.0,-1.0,-1.0,63.0,40.0,552,0.0,0.0,0.0,0.0,0.0,0.0
167,2018-01-02,93.0,1.0,170.0,5.0,405.0,-1.0,-1.0,149.0,86.0,638,0.14,0.0,0.03,0.0,0.02,0.02
168,2016-04-18,94.0,14.0,-1.0,-1.0,-1.0,-1.0,-1.0,-1.0,-1.0,14,0.0,0.0,0.0,0.07,0.0,0.07
169,2016-07-15,97.0,18.0,7.0,39.0,-1.0,-1.0,-1.0,12.0,-1.0,102,0.0,0.0,0.23,0.0,0.17,0.0
170,2018-01-29,97.0,28.0,73.0,602.0,274.0,-1.0,-1.0,50.0,563.0,665,0.0,0.0,0.0,0.0,0.12,0.0
171,2018-10-04,101.0,31.0,21.0,105.0,-1.0,-1.0,34.0,95.0,-1.0,913,0.0,0.0,0.03,0.0,0.03,0.02
172,2016-06-20,102.0,77.0,10.0,69.0,-1.0,40.0,-1.0,42.0,-1.0,77,0.0,0.0,0.03,0.0,0.05,0.02
173,2016-08-24,103.0,58.0,37.0,8.0,25.0,72.0,-1.0,-1.0,-1.0,142,0.0,0.0,0.2,0.0,0.17,0.0
174,2016-10-17,103.0,41.0,34.0,11.0,79.0,126.0,-1.0,43.0,54.0,196,0.0,0.0,0.1,0.0,0.2,0.0
175,2016-10-28,103.0,52.0,45.0,1.0,90.0,137.0,-1.0,54.0,11.0,207,0.14,0.0,0.1,0.0,0.18,0.0
176,2018-08-23,103.0,59.0,41.0,140.0,200.0,413.0,611.0,102.0,664.0,871,0.0,0.0,0.0,0.03,0.02,0.02
177,2016-06-14,105.0,71.0,33.0,4.0,-1.0,1.0,36.0,-1.0,-1.0,71,0.29,0.0,0.07,0.0,0.47,0.0
178,2016-11-14,105.0,69.0,56.0,13.0,59.0,154.0,189.0,60.0,153.0,224,0.0,0.0,0.03,0.0,0.05,0.0
179,2017-10-13,109.0,39.0,94.0,15.0,272.0,519.0,-1.0,42.0,-1.0,557,0.0,0.0,0.03,0.0,0.13,0.0
180,2019-07-24,109.0,23.0,180.0,27.0,254.0,419.0,-1.0,59.0,649.0,1206,0.0,0.0,0.03,0.0,0.05,0.0
181,2016-05-03,112.0,29.0,-1.0,-1.0,-1.0,-1.0,-1.0,-1.0,-1.0,29,0.0,0.0,0.0,0.0,0.0,0.0
182,2016-06-23,112.0,80.0,27.0,15.0,-1.0,-1.0,-1.0,4.0,51.0,80,0.43,0.0,0.57,0.0,0.28,0.0
183,2018-01-12,112.0,11.0,38.0,46.0,328.0,-1.0,10.0,54.0,568.0,648,0.0,0.0,0.6,0.0,0.57,0.0
184,2018-06-21,112.0,80.0,37.0,6.0,123.0,-1.0,170.0,25.0,160.0,808,0.14,0.0,0.37,0.0,0.37,0.0
185,2017-10-27,114.0,53.0,14.0,25.0,20.0,-1.0,2.0,61.0,-1.0,571,0.14,0.0,0.2,0.0,0.17,0.0
186,2018-11-20,114.0,78.0,7.0,25.0,44.0,-1.0,193.0,16.0,389.0,960,0.0,0.0,0.33,0.0,0.25,0.0
187,2019-03-28,114.0,80.0,50.0,45.0,24.0,-1.0,2.0,25.0,128.0,1088,0.29,0.0,0.37,0.0,0.3,0.0
188,2017-04-06,115.0,3.0,22.0,54.0,187.0,180.0,-1.0,46.0,-1.0,367,0.0,0.0,0.03,0.0,0.15,0.02
189,2018-03-06,115.0,64.0,13.0,74.0,2.0,514.0,156.0,16.0,334.0,701,0.14,0.0,0.43,0.0,0.22,0.0
190,2019-05-26,115.0,55.0,54.0,12.0,83.0,216.0,602.0,84.0,446.0,1147,0.0,0.0,0.03,0.0,0.07,0.0
191,2016-07-26,116.0,29.0,11.0,46.0,-1.0,-1.0,-1.0,16.0,-1.0,113,0.0,0.0,0.37,0.0,0.3,0.0
192,2017-10-30,117.0,56.0,13.0,33.0,163.0,-1.0,318.0,92.0,-1.0,574,0.0,0.0,0.1,0.0,0.07,0.0
193,2018-07-27,117.0,32.0,27.0,2.0,130.0,-1.0,34.0,138.0,270.0,844,0.14,0.0,0.13,0.0,0.5,0.0
194,2019-07-11,117.0,10.0,65.0,36.0,52.0,-1.0,30.0,18.0,349.0,1193,0.0,0.0,0.23,0.0,0.32,0.0
195,2016-10-28,118.0,52.0,63.0,28.0,-1.0,70.0,-1.0,19.0,-1.0,207,0.0,0.0,0.27,0.0,0.13,0.0
196,2018-04-25,118.0,23.0,29.0,49.0,333.0,614.0,142.0,199.0,544.0,751,0.0,0.0,0.03,0.0,0.12,0.0
197,2018-08-28,118.0,64.0,50.0,48.0,93.0,739.0,267.0,16.0,125.0,876,0.0,0.0,0.23,0.0,0.27,0.0
198,2017-08-08,119.0,43.0,4.0,6.0,57.0,315.0,-1.0,16.0,-1.0,491,0.29,0.0,0.5,0.0,0.38,0.0
199,2018-01-15,119.0,14.0,42.0,3.0,217.0,475.0,-1.0,97.0,160.0,651,0.43,0.0,0.17,0.0,0.23,0.0
200,2018-01-17,119.0,16.0,44.0,1.0,219.0,477.0,-1.0,99.0,2.0,653,0.43,0.0,0.17,0.0,0.25,0.0
201,2018-02-19,119.0,49.0,25.0,10.0,252.0,510.0,-1.0,1.0,33.0,686,0.86,0.0,0.5,0.0,0.33,0.0
202,2019-05-24,119.0,53.0,23.0,3.0,346.0,969.0,390.0,103.0,459.0,1145,0.14,0.0,0.47,0.0,0.37,0.0
203,2016-12-28,120.0,113.0,27.0,21.0,208.0,-1.0,-1.0,94.0,-1.0,268,0.0,0.0,0.07,0.0,0.07,0.0
204,2017-04-17,120.0,14.0,47.0,10.0,318.0,-1.0,-1.0,204.0,110.0,378,0.0,0.0,0.03,0.0,0.12,0.0
205,2019-01-09,120.0,2.0,7.0,79.0,220.0,555.0,-1.0,45.0,632.0,1010,0.0,0.0,0.03,0.0,0.18,0.0
206,2017-07-26,121.0,30.0,72.0,33.0,4.0,65.0,107.0,47.0,-1.0,478,0.14,0.0,0.03,0.0,0.08,0.0
207,2016-12-21,122.0,106.0,12.0,41.0,-1.0,-1.0,173.0,66.0,-1.0,261,0.0,0.0,0.07,0.0,0.1,0.0
208,2017-02-07,123.0,36.0,15.0,4.0,-1.0,-1.0,1.0,107.0,-1.0,309,0.29,0.0,0.33,0.0,0.27,0.0
209,2016-07-29,124.0,32.0,7.0,-1.0,-1.0,-1.0,-1.0,47.0,-1.0,116,0.0,0.0,0.03,0.0,0.15,0.0
210,2017-10-17,124.0,43.0,1.0,98.0,133.0,162.0,219.0,2.0,445.0,561,0.86,0.0,0.27,0.0,0.15,0.0
211,2016-07-18,125.0,21.0,1.0,-1.0,-1.0,-1.0,-1.0,36.0,-1.0,105,0.14,0.0,0.07,0.0,0.17,0.0
212,2019-05-19,125.0,48.0,38.0,4.0,147.0,341.0,-1.0,50.0,1035.0,1140,0.14,0.0,0.03,0.0,0.15,0.0
213,2019-06-26,127.0,86.0,116.0,117.0,101.0,910.0,458.0,108.0,-1.0,1178,0.0,0.0,0.0,0.0,0.0,0.02
214,2016-09-01,128.0,66.0,55.0,6.0,3.0,-1.0,-1.0,24.0,-1.0,150,0.29,0.0,0.27,0.0,0.38,0.0
215,2018-04-11,128.0,9.0,36.0,15.0,151.0,-1.0,17.0,118.0,587.0,737,0.0,0.0,0.47,0.0,0.42,0.0
216,2018-06-18,128.0,77.0,104.0,3.0,219.0,-1.0,85.0,186.0,68.0,805,0.14,0.0,0.1,0.0,0.08,0.0
217,2018-07-06,128.0,11.0,14.0,21.0,237.0,-1.0,103.0,204.0,18.0,823,0.0,0.0,0.17,0.0,0.12,0.0
218,2018-08-23,128.0,59.0,7.0,10.0,285.0,-1.0,151.0,11.0,48.0,871,0.0,0.0,0.63,0.0,0.37,0.0
219,2019-01-23,128.0,16.0,18.0,7.0,72.0,-1.0,304.0,80.0,153.0,1024,0.0,0.0,0.2,0.0,0.15,0.0
220,2018-03-09,131.0,67.0,16.0,161.0,327.0,-1.0,212.0,19.0,-1.0,704,0.0,0.0,0.47,0.0,0.28,0.0
221,2018-11-06,131.0,64.0,258.0,104.0,108.0,-1.0,117.0,14.0,242.0,946,0.0,0.0,0.07,0.0,0.18,0.0
222,2019-01-31,131.0,24.0,344.0,69.0,194.0,-1.0,203.0,38.0,86.0,1032,0.0,0.0,0.0,0.0,0.02,0.0
223,2018-11-15,132.0,73.0,5.0,168.0,117.0,-1.0,17.0,298.0,-1.0,955,0.29,0.0,0.1,0.0,0.12,0.0
224,2016-05-25,137.0,51.0,-1.0,22.0,-1.0,-1.0,8.0,45.0,-1.0,51,0.0,0.0,0.07,0.0,0.15,0.0
225,2018-09-13,137.0,10.0,6.0,56.0,163.0,386.0,243.0,17.0,841.0,892,0.14,0.0,0.3,0.0,0.17,0.0
226,2017-04-25,139.0,22.0,7.0,172.0,51.0,-1.0,-1.0,163.0,-1.0,386,0.0,0.0,0.07,0.0,0.05,0.0
227,2018-10-04,139.0,31.0,41.0,42.0,230.0,-1.0,122.0,67.0,527.0,913,0.0,0.0,0.0,0.0,0.03,0.0
228,2019-04-08,139.0,7.0,131.0,108.0,34.0,-1.0,308.0,9.0,186.0,1099,0.0,0.0,0.2,0.0,0.13,0.0
229,2017-06-08,142.0,66.0,8.0,38.0,297.0,-1.0,-1.0,34.0,-1.0,430,0.0,0.0,0.1,0.0,0.12,0.0
230,2019-04-08,144.0,7.0,78.0,33.0,501.0,286.0,120.0,1.0,-1.0,1099,0.14,0.0,0.03,0.0,0.05,0.0
231,2016-04-26,146.0,22.0,-1.0,-1.0,-1.0,-1.0,-1.0,-1.0,-1.0,22,0.0,0.0,0.0,0.0,0.0,0.0
232,2016-06-14,146.0,71.0,34.0,-1.0,-1.0,-1.0,-1.0,-1.0,49.0,71,0.0,0.0,0.0,0.03,0.02,0.02
233,2016-11-22,146.0,77.0,26.0,12.0,-1.0,-1.0,-1.0,30.0,161.0,232,0.0,0.0,0.2,0.0,0.3,0.0
234,2017-05-01,147.0,28.0,42.0,3.0,17.0,-1.0,61.0,190.0,-1.0,392,0.14,0.0,0.17,0.0,0.12,0.0
235,2017-04-10,148.0,7.0,12.0,101.0,-1.0,-1.0,122.0,13.0,-1.0,371,0.0,0.0,0.1,0.03,0.08,0.02
236,2016-10-06,149.0,30.0,20.0,8.0,136.0,-1.0,-1.0,-1.0,-1.0,185,0.0,0.0,0.13,0.0,0.07,0.0
237,2017-02-15,149.0,44.0,14.0,29.0,268.0,-1.0,-1.0,94.0,132.0,317,0.0,0.0,0.1,0.0,0.07,0.0
238,2016-10-17,150.0,41.0,-1.0,45.0,-1.0,-1.0,-1.0,57.0,-1.0,196,0.0,0.0,0.0,0.0,0.07,0.0
239,2017-01-10,150.0,8.0,18.0,11.0,-1.0,-1.0,-1.0,142.0,85.0,281,0.0,0.0,0.17,0.0,0.08,0.02
240,2019-07-08,150.0,7.0,331.0,17.0,-1.0,-1.0,-1.0,1.0,909.0,1190,0.14,0.0,0.3,0.0,0.17,0.03
241,2017-07-27,151.0,31.0,19.0,22.0,65.0,-1.0,-1.0,4.0,-1.0,479,0.43,0.0,0.6,0.0,0.37,0.0
242,2019-06-13,151.0,73.0,34.0,76.0,21.0,511.0,-1.0,235.0,686.0,1165,0.0,0.0,0.03,0.0,0.07,0.0
243,2019-06-19,151.0,79.0,40.0,82.0,27.0,517.0,-1.0,241.0,6.0,1171,0.0,0.0,0.03,0.0,0.07,0.0
244,2016-06-25,152.0,82.0,2.0,-1.0,-1.0,-1.0,-1.0,69.0,-1.0,82,0.14,0.0,0.03,0.0,0.07,0.0
245,2017-02-09,152.0,38.0,94.0,3.0,119.0,-1.0,-1.0,60.0,229.0,311,0.14,0.0,0.13,0.0,0.08,0.0
246,2017-11-06,152.0,63.0,35.0,66.0,24.0,-1.0,-1.0,78.0,270.0,581,0.0,0.0,0.03,0.0,0.07,0.0
247,2017-10-20,154.0,46.0,4.0,32.0,412.0,-1.0,33.0,75.0,-1.0,564,0.14,0.0,0.03,0.0,0.45,0.0
248,2018-03-02,154.0,60.0,37.0,42.0,545.0,-1.0,166.0,89.0,133.0,697,0.0,0.0,0.0,0.0,0.15,0.0
249,2017-08-22,156.0,57.0,63.0,62.0,261.0,60.0,-1.0,23.0,-1.0,505,0.0,0.0,0.23,0.0,0.22,0.0
250,2019-05-23,156.0,52.0,6.0,71.0,192.0,273.0,-1.0,264.0,639.0,1144,0.14,0.0,0.07,0.0,0.1,0.0
251,2017-06-27,157.0,1.0,18.0,196.0,212.0,319.0,-1.0,23.0,-1.0,449,0.0,0.0,0.27,0.0,0.15,0.0
252,2017-12-14,157.0,101.0,167.0,18.0,382.0,149.0,-1.0,11.0,170.0,619,0.0,0.0,0.3,0.03,0.17,0.03
253,2018-05-10,157.0,38.0,6.0,107.0,529.0,40.0,-1.0,158.0,147.0,766,0.14,0.0,0.03,0.0,0.03,0.0
254,2018-11-05,157.0,63.0,15.0,43.0,102.0,28.0,-1.0,106.0,179.0,945,0.0,0.14,0.07,0.03,0.05,0.03
255,2017-07-10,158.0,14.0,55.0,10.0,226.0,-1.0,-1.0,1.0,-1.0,462,0.86,0.0,0.3,0.0,0.2,0.0
256,2017-11-24,158.0,81.0,19.0,56.0,13.0,-1.0,-1.0,96.0,137.0,599,0.0,0.0,0.17,0.0,0.1,0.0
257,2018-01-05,158.0,4.0,39.0,14.0,55.0,-1.0,-1.0,138.0,42.0,641,0.0,0.0,0.03,0.0,0.07,0.0
258,2018-06-18,158.0,77.0,39.0,3.0,219.0,136.0,-1.0,92.0,164.0,805,0.14,0.0,0.03,0.0,0.12,0.0
259,2019-03-27,158.0,79.0,23.0,54.0,85.0,418.0,-1.0,10.0,282.0,1087,0.0,0.0,0.47,0.0,0.27,0.0
260,2018-01-22,160.0,21.0,23.0,4.0,72.0,-1.0,-1.0,319.0,-1.0,658,0.14,0.0,0.13,0.0,0.17,0.0
261,2016-12-05,162.0,90.0,13.0,10.0,150.0,-1.0,35.0,92.0,-1.0,245,0.0,0.0,0.13,0.0,0.18,0.0
262,2017-10-24,162.0,50.0,4.0,6.0,473.0,-1.0,1.0,107.0,323.0,568,0.43,0.0,0.4,0.0,0.38,0.0
263,2019-02-07,162.0,31.0,54.0,4.0,214.0,190.0,3.0,81.0,471.0,1039,0.29,0.0,0.27,0.0,0.35,0.0
264,2017-12-22,163.0,109.0,61.0,7.0,299.0,224.0,-1.0,199.0,-1.0,627,0.0,0.14,0.3,0.03,0.17,0.02
265,2016-05-27,164.0,53.0,42.0,-1.0,-1.0,-1.0,-1.0,-1.0,-1.0,53,0.0,0.14,0.0,0.03,0.02,0.02
266,2017-03-24,164.0,81.0,39.0,64.0,26.0,-1.0,-1.0,32.0,301.0,354,0.0,0.0,0.03,0.0,0.05,0.0
267,2017-10-24,164.0,50.0,1.0,25.0,240.0,-1.0,-1.0,52.0,214.0,568,0.14,0.0,0.07,0.0,0.13,0.0
268,2018-02-02,165.0,32.0,65.0,7.0,8.0,516.0,-1.0,131.0,-1.0,669,0.0,0.0,0.13,0.0,0.08,0.0
269,2018-04-17,165.0,15.0,139.0,19.0,82.0,590.0,-1.0,205.0,74.0,743,0.0,0.0,0.03,0.0,0.03,0.0
270,2019-01-23,165.0,16.0,49.0,42.0,149.0,871.0,-1.0,122.0,281.0,1024,0.0,0.0,0.0,0.0,0.08,0.0
271,2017-08-18,166.0,53.0,7.0,234.0,19.0,-1.0,-1.0,26.0,-1.0,501,0.0,0.0,0.27,0.0,0.43,0.0
272,2018-03-14,166.0,72.0,33.0,110.0,45.0,-1.0,-1.0,234.0,208.0,709,0.0,0.0,0.0,0.0,0.05,0.0
273,2017-01-23,167.0,21.0,27.0,10.0,177.0,88.0,-1.0,13.0,-1.0,294,0.0,0.0,0.17,0.0,0.13,0.0
274,2017-10-30,167.0,56.0,73.0,5.0,92.0,368.0,-1.0,35.0,280.0,574,0.14,0.0,0.03,0.0,0.07,0.0
275,2018-11-15,167.0,73.0,45.0,20.0,108.0,119.0,-1.0,71.0,381.0,955,0.0,0.0,0.03,0.0,0.08,0.0
276,2016-07-07,168.0,10.0,-1.0,-1.0,-1.0,-1.0,-1.0,-1.0,-1.0,94,0.0,0.0,0.0,0.0,0.0,0.0
277,2016-11-02,170.0,57.0,61.0,37.0,39.0,-1.0,-1.0,52.0,-1.0,212,0.0,0.0,0.0,0.0,0.12,0.0
278,2017-03-17,170.0,74.0,28.0,73.0,174.0,-1.0,-1.0,187.0,135.0,347,0.0,0.0,0.03,0.0,0.02,0.0
279,2016-06-07,171.0,64.0,4.0,23.0,-1.0,-1.0,-1.0,-1.0,-1.0,64,0.14,0.0,0.3,0.0,0.33,0.0
280,2017-08-22,171.0,57.0,18.0,5.0,-1.0,169.0,132.0,9.0,441.0,505,0.14,0.0,0.33,0.0,0.33,0.0
281,2017-12-20,171.0,107.0,7.0,5.0,39.0,62.0,252.0,129.0,120.0,625,0.14,0.0,0.2,0.0,0.17,0.0
282,2018-02-06,172.0,36.0,151.0,39.0,44.0,141.0,-1.0,74.0,-1.0,673,0.0,0.0,0.0,0.0,0.03,0.0
283,2018-05-21,172.0,49.0,20.0,5.0,60.0,245.0,-1.0,3.0,104.0,777,0.57,0.0,0.27,0.0,0.2,0.0
284,2016-05-18,173.0,44.0,23.0,-1.0,-1.0,-1.0,-1.0,3.0,-1.0,44,0.57,0.0,0.27,0.0,0.18,0.0
285,2016-08-23,174.0,57.0,89.0,63.0,-1.0,-1.0,-1.0,30.0,-1.0,141,0.0,0.0,0.0,0.0,0.12,0.0
286,2018-08-20,174.0,56.0,70.0,4.0,149.0,-1.0,-1.0,29.0,727.0,868,0.14,0.0,0.1,0.0,0.17,0.0
287,2019-06-24,174.0,84.0,1.0,129.0,92.0,258.0,-1.0,120.0,308.0,1176,0.57,0.0,0.13,0.0,0.08,0.0
288,2016-04-25,175.0,21.0,4.0,-1.0,-1.0,-1.0,-1.0,-1.0,-1.0,21,0.29,0.0,0.09,0.0,0.09,0.0
289,2018-05-23,176.0,51.0,22.0,100.0,219.0,71.0,-1.0,263.0,-1.0,779,0.0,0.0,0.07,0.0,0.03,0.0
290,2017-05-25,177.0,52.0,28.0,196.0,-1.0,-1.0,-1.0,4.0,-1.0,416,0.43,0.0,0.3,0.03,0.18,0.02
291,2019-05-07,177.0,36.0,34.0,35.0,360.0,-1.0,-1.0,261.0,712.0,1128,0.0,0.0,0.0,0.0,0.05,0.0
292,2017-09-28,178.0,24.0,16.0,14.0,-1.0,21.0,109.0,102.0,-1.0,542,0.0,0.0,0.2,0.0,0.28,0.0
293,2017-11-27,178.0,84.0,76.0,55.0,-1.0,81.0,8.0,1.0,60.0,602,0.86,0.0,0.97,0.0,0.88,0.0
294,2018-06-12,178.0,71.0,7.0,1.0,94.0,76.0,65.0,86.0,197.0,799,0.14,0.0,0.27,0.0,0.33,0.0
295,2017-07-13,179.0,17.0,105.0,8.0,-1.0,-1.0,10.0,116.0,-1.0,465,0.0,0.0,0.17,0.0,0.18,0.0
296,2018-09-05,179.0,2.0,89.0,6.0,-1.0,-1.0,14.0,24.0,419.0,884,0.14,0.0,0.4,0.0,0.3,0.0
297,2018-03-09,180.0,67.0,74.0,11.0,-1.0,-1.0,25.0,208.0,-1.0,704,0.0,0.0,0.1,0.0,0.1,0.0
298,2019-05-31,180.0,60.0,31.0,22.0,439.0,235.0,138.0,68.0,448.0,1152,0.0,0.0,0.03,0.0,0.07,0.0
299,2016-06-01,182.0,58.0,10.0,49.0,-1.0,16.0,-1.0,43.0,-1.0,58,0.0,0.0,0.13,0.0,0.15,0.02
300,2016-06-30,182.0,3.0,39.0,78.0,-1.0,45.0,-1.0,72.0,29.0,87,0.0,0.0,0.0,0.0,0.07,0.02
301,2017-02-13,182.0,42.0,31.0,12.0,-1.0,51.0,-1.0,1.0,228.0,315,0.86,0.0,0.47,0.0,0.3,0.03
302,2017-08-17,183.0,52.0,13.0,6.0,-1.0,269.0,279.0,88.0,-1.0,500,0.14,0.0,0.13,0.0,0.12,0.0
303,2016-11-29,184.0,84.0,20.0,1.0,80.0,-1.0,-1.0,93.0,-1.0,239,0.14,0.0,0.07,0.0,0.03,0.0
304,2018-06-12,184.0,71.0,30.0,25.0,369.0,-1.0,-1.0,16.0,560.0,799,0.0,0.14,0.33,0.03,0.23,0.02
305,2016-07-06,185.0,9.0,-1.0,-1.0,-1.0,-1.0,-1.0,-1.0,-1.0,93,0.0,0.0,0.0,0.07,0.0,0.1
306,2017-01-04,185.0,2.0,-1.0,13.0,43.0,-1.0,-1.0,136.0,182.0,275,0.0,0.0,0.07,0.0,0.05,0.0
307,2017-05-18,185.0,45.0,130.0,28.0,177.0,-1.0,-1.0,270.0,134.0,409,0.0,0.0,0.03,0.0,0.02,0.0
308,2017-06-10,185.0,68.0,153.0,51.0,200.0,-1.0,-1.0,293.0,23.0,432,0.0,0.0,0.0,0.0,0.02,0.0
309,2016-06-09,186.0,66.0,-1.0,-1.0,-1.0,-1.0,-1.0,-1.0,-1.0,66,0.0,0.0,0.0,0.0,0.0,0.0
310,2016-11-10,187.0,65.0,10.0,14.0,71.0,-1.0,-1.0,74.0,-1.0,220,0.0,0.0,0.17,0.03,0.08,0.02
311,2017-01-18,187.0,16.0,14.0,8.0,140.0,-1.0,-1.0,143.0,69.0,289,0.0,0.0,0.1,0.0,0.07,0.0
312,2016-08-09,189.0,43.0,18.0,96.0,-1.0,-1.0,-1.0,17.0,-1.0,127,0.0,0.0,0.07,0.0,0.03,0.0
313,2016-12-03,189.0,88.0,105.0,14.0,-1.0,-1.0,-1.0,133.0,116.0,243,0.0,0.0,0.1,0.0,0.07,0.0
314,2017-05-23,189.0,50.0,3.0,7.0,104.0,-1.0,-1.0,304.0,171.0,414,0.57,0.0,0.23,0.0,0.15,0.0
315,2018-09-11,189.0,8.0,17.0,118.0,10.0,-1.0,15.0,2.0,476.0,890,0.71,0.0,0.43,0.0,0.27,0.0
316,2016-06-24,191.0,81.0,45.0,-1.0,51.0,-1.0,-1.0,-1.0,-1.0,81,0.0,0.0,0.0,0.0,0.05,0.0
317,2016-08-31,191.0,65.0,113.0,-1.0,26.0,12.0,-1.0,17.0,68.0,149,0.0,0.0,0.33,0.03,0.28,0.02
318,2017-09-15,192.0,11.0,160.0,28.0,31.0,-1.0,191.0,13.0,-1.0,529,0.0,0.0,0.23,0.0,0.15,0.0
319,2018-04-24,192.0,22.0,77.0,61.0,164.0,-1.0,412.0,112.0,221.0,750,0.0,0.0,0.0,0.0,0.0,0.0
320,2018-08-10,193.0,46.0,85.0,86.0,-1.0,28.0,54.0,12.0,-1.0,858,0.0,0.0,0.27,0.0,0.23,0.02
321,2018-12-11,193.0,99.0,3.0,8.0,-1.0,151.0,177.0,9.0,123.0,981,0.29,0.0,0.33,0.0,0.17,0.0
322,2016-04-18,194.0,14.0,12.0,-1.0,-1.0,-1.0,-1.0,1.0,-1.0,14,0.86,0.0,0.6,0.0,0.6,0.0
323,2018-12-07,194.0,95.0,17.0,28.0,60.0,-1.0,-1.0,61.0,963.0,977,0.0,0.0,0.1,0.0,0.12,0.0
324,2018-05-21,195.0,49.0,69.0,66.0,171.0,-1.0,118.0,21.0,-1.0,777,0.0,0.0,0.03,0.0,0.02,0.0
325,2018-12-11,195.0,99.0,145.0,115.0,10.0,-1.0,13.0,5.0,204.0,981,0.14,0.0,0.13,0.0,0.1,0.0
326,2016-08-30,196.0,64.0,7.0,92.0,-1.0,-1.0,-1.0,23.0,-1.0,148,0.0,0.0,0.27,0.0,0.18,0.0
327,2018-03-09,196.0,67.0,2.0,39.0,-1.0,196.0,-1.0,110.0,556.0,704,0.14,0.0,0.03,0.0,0.1,0.0
328,2017-02-28,197.0,57.0,15.0,21.0,-1.0,13.0,-1.0,191.0,-1.0,330,0.0,0.0,0.23,0.0,0.15,0.0
329,2017-04-11,197.0,8.0,57.0,39.0,-1.0,55.0,-1.0,233.0,42.0,372,0.0,0.0,0.0,0.0,0.08,0.0
330,2018-01-29,197.0,28.0,55.0,24.0,79.0,348.0,-1.0,169.0,293.0,665,0.0,0.0,0.03,0.0,0.08,0.0
331,2018-03-19,197.0,77.0,104.0,11.0,128.0,397.0,-1.0,31.0,49.0,714,0.0,0.0,0.03,0.0,0.1,0.0
332,2017-01-11,198.0,9.0,6.0,13.0,149.0,167.0,-1.0,150.0,-1.0,282,0.14,0.0,0.17,0.0,0.2,0.02
333,2016-11-21,199.0,76.0,102.0,4.0,-1.0,21.0,-1.0,113.0,-1.0,231,0.29,0.0,0.13,0.0,0.1,0.0
334,2018-12-04,199.0,92.0,35.0,25.0,110.0,764.0,-1.0,2.0,743.0,974,0.71,0.0,0.5,0.0,0.37,0.0
335,2019-02-21,199.0,45.0,6.0,13.0,189.0,843.0,-1.0,81.0,79.0,1053,0.14,0.0,0.23,0.0,0.22,0.0
336,2016-12-29,200.0,114.0,31.0,7.0,60.0,197.0,21.0,123.0,-1.0,269,0.0,0.0,0.1,0.0,0.15,0.0
337,2019-03-19,200.0,71.0,53.0,1.0,140.0,621.0,396.0,65.0,810.0,1079,0.29,0.0,0.13,0.0,0.13,0.0
338,2018-02-07,201.0,37.0,7.0,55.0,320.0,-1.0,-1.0,164.0,-1.0,674,0.0,0.0,0.03,0.0,0.08,0.0
339,2017-10-17,202.0,43.0,21.0,128.0,61.0,-1.0,115.0,23.0,-1.0,561,0.0,0.0,0.3,0.0,0.25,0.0
340,2018-01-02,202.0,1.0,98.0,9.0,69.0,21.0,75.0,100.0,77.0,638,0.0,0.0,0.1,0.0,0.08,0.0
341,2016-10-17,205.0,41.0,91.0,100.0,1.0,-1.0,-1.0,50.0,-1.0,196,0.14,0.0,0.03,0.03,0.18,0.02
342,2016-12-14,205.0,99.0,1.0,50.0,59.0,-1.0,-1.0,108.0,58.0,254,0.29,0.0,0.07,0.0,0.07,0.0
343,2018-11-15,205.0,73.0,85.0,164.0,760.0,60.0,-1.0,88.0,701.0,955,0.0,0.0,0.0,0.0,0.0,0.02
344,2016-11-01,207.0,56.0,13.0,-1.0,138.0,119.0,55.0,65.0,-1.0,211,0.0,0.0,0.03,0.0,0.07,0.0
345,2018-04-11,207.0,9.0,7.0,41.0,232.0,131.0,111.0,45.0,526.0,737,0.0,0.0,0.13,0.0,0.23,0.0
346,2016-11-17,208.0,72.0,8.0,41.0,6.0,-1.0,-1.0,95.0,-1.0,227,0.14,0.0,0.1,0.0,0.08,0.0
347,2017-01-06,208.0,4.0,19.0,11.0,56.0,-1.0,-1.0,145.0,50.0,277,0.0,0.0,0.13,0.0,0.12,0.0
348,2018-06-08,208.0,67.0,60.0,38.0,209.0,-1.0,-1.0,103.0,518.0,795,0.0,0.0,0.0,0.0,0.02,0.0
349,2017-02-06,209.0,35.0,24.0,20.0,-1.0,212.0,82.0,57.0,-1.0,308,0.0,0.0,0.07,0.0,0.08,0.0
350,2019-07-12,209.0,11.0,18.0,35.0,117.0,477.0,28.0,104.0,886.0,1194,0.0,0.0,0.07,0.0,0.05,0.0
351,2017-09-13,210.0,9.0,126.0,2.0,61.0,139.0,-1.0,24.0,-1.0,527,0.14,0.0,0.23,0.0,0.13,0.0
352,2019-04-30,211.0,29.0,75.0,32.0,216.0,-1.0,18.0,47.0,-1.0,1121,0.0,0.0,0.07,0.0,0.12,0.0
353,2017-09-15,213.0,11.0,126.0,189.0,13.0,92.0,-1.0,40.0,-1.0,529,0.0,0.0,0.03,0.0,0.25,0.0
354,2018-02-16,213.0,46.0,60.0,53.0,167.0,246.0,-1.0,103.0,154.0,683,0.0,0.0,0.0,0.0,0.02,0.0
355,2018-04-03,213.0,1.0,106.0,99.0,213.0,292.0,-1.0,149.0,46.0,729,0.0,0.0,0.0,0.0,0.0,0.0
356,2019-05-16,213.0,45.0,6.0,7.0,38.0,199.0,-1.0,70.0,408.0,1137,0.14,0.0,0.07,0.0,0.05,0.0
357,2016-05-26,214.0,52.0,-1.0,-1.0,-1.0,-1.0,-1.0,25.0,-1.0,52,0.0,0.0,0.17,0.0,0.17,0.04
358,2016-08-10,214.0,44.0,-1.0,-1.0,-1.0,39.0,-1.0,3.0,76.0,128,0.57,0.0,0.23,0.07,0.13,0.05
359,2016-12-15,214.0,100.0,-1.0,22.0,-1.0,166.0,-1.0,98.0,127.0,255,0.0,0.0,0.03,0.0,0.02,0.0
360,2017-06-19,214.0,77.0,110.0,54.0,-1.0,33.0,-1.0,1.0,186.0,441,0.86,0.0,0.23,0.0,0.15,0.0
361,2017-08-02,214.0,37.0,15.0,98.0,25.0,9.0,-1.0,17.0,44.0,485,0.0,0.0,0.37,0.0,0.3,0.0
362,2018-06-26,214.0,1.0,20.0,6.0,353.0,82.0,-1.0,184.0,328.0,813,0.14,0.0,0.13,0.0,0.08,0.0
363,2018-09-14,214.0,11.0,100.0,86.0,68.0,162.0,-1.0,13.0,80.0,893,0.0,0.0,0.2,0.03,0.22,0.02
364,2018-10-04,214.0,31.0,120.0,14.0,88.0,182.0,-1.0,33.0,20.0,913,0.0,0.0,0.03,0.0,0.12,0.02
365,2019-02-05,214.0,29.0,6.0,28.0,212.0,7.0,-1.0,79.0,124.0,1037,0.14,0.0,0.1,0.0,0.07,0.0
366,2019-04-26,214.0,25.0,86.0,32.0,292.0,87.0,-1.0,159.0,80.0,1117,0.0,0.0,0.0,0.0,0.02,0.0
367,2019-05-09,214.0,38.0,99.0,45.0,305.0,100.0,-1.0,172.0,13.0,1130,0.0,0.0,0.0,0.0,0.02,0.0
368,2018-04-14,216.0,12.0,179.0,15.0,622.0,-1.0,502.0,7.0,-1.0,740,0.0,0.0,0.13,0.0,0.13,0.0
369,2018-01-19,217.0,18.0,11.0,21.0,106.0,415.0,98.0,75.0,-1.0,655,0.0,0.0,0.07,0.0,0.08,0.0
370,2018-02-08,217.0,38.0,6.0,41.0,126.0,435.0,9.0,95.0,20.0,675,0.14,0.0,0.13,0.0,0.13,0.0
371,2019-05-03,217.0,32.0,155.0,3.0,330.0,884.0,33.0,173.0,449.0,1124,0.29,0.0,0.1,0.0,0.5,0.0
372,2019-06-14,217.0,74.0,16.0,23.0,7.0,926.0,75.0,215.0,42.0,1166,0.0,0.0,0.13,0.0,0.13,0.0
373,2016-12-23,218.0,108.0,60.0,10.0,79.0,167.0,211.0,117.0,-1.0,263,0.0,0.0,0.03,0.0,0.05,0.0
374,2017-07-14,218.0,18.0,86.0,10.0,282.0,370.0,4.0,12.0,203.0,466,0.14,0.0,0.37,0.0,0.28,0.0
375,2018-11-26,218.0,84.0,21.0,7.0,52.0,386.0,297.0,120.0,500.0,966,0.0,0.0,0.17,0.0,0.15,0.0
376,2018-11-28,218.0,86.0,23.0,9.0,54.0,388.0,299.0,122.0,2.0,968,0.0,0.0,0.17,0.0,0.15,0.0
377,2019-02-12,218.0,36.0,60.0,1.0,130.0,464.0,8.0,198.0,76.0,1044,0.14,0.0,0.13,0.0,0.12,0.0
378,2018-05-11,219.0,39.0,83.0,87.0,-1.0,-1.0,709.0,5.0,-1.0,767,0.29,0.0,0.23,0.0,0.12,0.0
379,2018-09-20,222.0,17.0,15.0,82.0,313.0,-1.0,326.0,25.0,-1.0,899,0.0,0.14,0.2,0.03,0.15,0.02
380,2018-10-16,223.0,43.0,32.0,130.0,26.0,-1.0,131.0,9.0,-1.0,925,0.0,0.0,0.27,0.0,0.18,0.0
381,2017-09-12,224.0,8.0,14.0,18.0,214.0,409.0,-1.0,23.0,-1.0,526,0.0,0.0,0.33,0.0,0.23,0.0
382,2018-06-04,224.0,63.0,72.0,5.0,114.0,674.0,-1.0,65.0,265.0,791,0.29,0.0,0.17,0.0,0.18,0.0
383,2019-05-17,225.0,46.0,92.0,14.0,349.0,388.0,-1.0,145.0,-1.0,1138,0.0,0.0,0.07,0.0,0.03,0.0
384,2016-06-09,226.0,66.0,1.0,-1.0,-1.0,-1.0,21.0,-1.0,-1.0,66,0.14,0.0,0.33,0.0,0.67,0.0
385,2018-12-06,227.0,94.0,2.0,4.0,24.0,230.0,281.0,32.0,-1.0,976,0.29,0.0,0.13,0.03,0.25,0.02
386,2016-09-23,228.0,17.0,-1.0,16.0,-1.0,-1.0,4.0,40.0,-1.0,172,0.14,0.0,0.37,0.0,0.3,0.02
387,2017-11-02,228.0,129.0,9.0,24.0,224.0,-1.0,25.0,81.0,405.0,577,0.0,0.0,0.23,0.0,0.62,0.0
388,2018-02-28,228.0,58.0,12.0,15.0,342.0,-1.0,143.0,80.0,118.0,695,0.0,0.0,0.17,0.0,0.17,0.0
389,2018-12-04,228.0,92.0,21.0,4.0,621.0,50.0,422.0,114.0,279.0,974,0.14,0.0,0.1,0.0,0.08,0.0
390,2016-09-28,229.0,22.0,-1.0,57.0,-1.0,-1.0,58.0,-1.0,-1.0,177,0.0,0.0,0.0,0.0,0.05,0.0
391,2018-10-08,230.0,35.0,45.0,18.0,-1.0,27.0,558.0,37.0,-1.0,917,0.0,0.0,0.1,0.0,0.18,0.0
392,2016-05-19,236.0,45.0,34.0,3.0,-1.0,-1.0,-1.0,25.0,-1.0,45,0.14,0.0,0.23,0.0,0.26,0.0
393,2019-01-11,236.0,4.0,188.0,51.0,69.0,-1.0,47.0,17.0,967.0,1012,0.0,0.0,0.03,0.0,0.07,0.0
394,2016-06-01,237.0,58.0,31.0,-1.0,9.0,-1.0,-1.0,-1.0,-1.0,58,0.0,0.0,0.03,0.0,0.1,0.0
395,2016-12-03,237.0,88.0,12.0,3.0,194.0,-1.0,-1.0,125.0,185.0,243,0.29,0.0,0.23,0.0,0.2,0.0
396,2017-01-30,237.0,28.0,35.0,24.0,252.0,-1.0,-1.0,183.0,58.0,301,0.0,0.0,0.03,0.0,0.22,0.0
397,2019-05-26,237.0,55.0,67.0,83.0,97.0,319.0,189.0,53.0,846.0,1147,0.0,0.14,0.0,0.1,0.02,0.07
398,2016-04-14,238.0,10.0,-1.0,-1.0,-1.0,-1.0,-1.0,-1.0,-1.0,10,0.0,0.0,0.0,0.0,0.0,0.0
399,2016-08-15,238.0,49.0,-1.0,114.0,21.0,-1.0,18.0,22.0,123.0,133,0.0,0.0,0.3,0.0,0.28,0.02
400,2017-05-20,238.0,47.0,7.0,21.0,299.0,-1.0,31.0,265.0,278.0,411,0.0,0.0,0.33,0.0,0.2,0.0
401,2017-09-29,238.0,25.0,139.0,28.0,115.0,-1.0,163.0,61.0,132.0,543,0.0,0.0,0.03,0.0,0.03,0.0
402,2018-11-13,238.0,71.0,42.0,4.0,160.0,-1.0,206.0,79.0,410.0,953,0.14,0.0,0.17,0.0,0.22,0.0
403,2016-11-27,239.0,82.0,49.0,44.0,-1.0,-1.0,-1.0,105.0,-1.0,237,0.0,0.0,0.0,0.03,0.05,0.02
404,2019-03-23,239.0,75.0,524.0,26.0,290.0,705.0,-1.0,118.0,846.0,1083,0.0,0.0,0.1,0.0,0.05,0.0
405,2019-04-21,239.0,20.0,22.0,55.0,319.0,734.0,-1.0,147.0,29.0,1112,0.0,0.0,0.03,0.03,0.07,0.02
406,2017-07-18,240.0,22.0,50.0,11.0,42.0,75.0,179.0,86.0,-1.0,470,0.0,0.0,0.07,0.0,0.12,0.0
407,2017-11-01,240.0,58.0,9.0,19.0,148.0,181.0,285.0,66.0,106.0,576,0.0,0.0,0.07,0.0,0.07,0.0
408,2016-06-23,241.0,80.0,12.0,-1.0,17.0,-1.0,22.0,-1.0,-1.0,80,0.0,0.0,0.2,0.0,0.1,0.0
409,2018-07-27,241.0,32.0,11.0,7.0,130.0,73.0,49.0,25.0,764.0,844,0.0,0.0,0.27,0.0,0.2,0.0
410,2019-06-04,241.0,64.0,70.0,62.0,442.0,95.0,13.0,23.0,312.0,1156,0.0,0.0,0.3,0.0,0.18,0.0
411,2016-12-31,242.0,116.0,25.0,36.0,85.0,81.0,-1.0,41.0,-1.0,271,0.0,0.0,0.07,0.0,0.17,0.0
412,2018-10-23,242.0,50.0,29.0,4.0,16.0,742.0,-1.0,9.0,661.0,932,0.14,0.0,0.33,0.0,0.32,0.02
413,2019-04-26,242.0,25.0,14.0,169.0,201.0,927.0,-1.0,194.0,185.0,1117,0.0,0.0,0.07,0.0,0.08,0.0
414,2018-04-13,243.0,11.0,42.0,1.0,153.0,608.0,-1.0,5.0,-1.0,739,0.57,0.0,0.43,0.0,0.37,0.0
415,2017-04-26,245.0,23.0,130.0,40.0,144.0,-1.0,-1.0,31.0,-1.0,387,0.0,0.0,0.0,0.0,0.17,0.0
416,2018-05-28,245.0,56.0,105.0,83.0,176.0,-1.0,-1.0,43.0,397.0,784,0.0,0.0,0.0,0.0,0.13,0.0
417,2019-07-26,245.0,25.0,36.0,94.0,235.0,-1.0,-1.0,41.0,424.0,1208,0.0,0.0,0.0,0.0,0.03,0.0
418,2016-07-21,246.0,24.0,33.0,-1.0,-1.0,-1.0,-1.0,-1.0,-1.0,108,0.0,0.29,0.0,0.1,0.03,0.05
419,2016-12-09,248.0,94.0,-1.0,14.0,-1.0,134.0,-1.0,-1.0,-1.0,249,0.0,0.0,0.03,0.0,0.02,0.0
420,2018-03-02,248.0,60.0,218.0,35.0,-1.0,196.0,292.0,-1.0,448.0,697,0.0,0.0,0.0,0.0,0.2,0.0
421,2018-07-12,248.0,17.0,106.0,7.0,-1.0,328.0,424.0,-1.0,132.0,829,0.0,0.0,0.27,0.0,0.13,0.0
422,2016-05-12,249.0,38.0,4.0,11.0,-1.0,-1.0,-1.0,-1.0,-1.0,38,0.43,0.0,0.43,0.0,0.36,0.0
423,2016-11-09,249.0,64.0,16.0,55.0,-1.0,94.0,2.0,122.0,181.0,219,0.29,0.0,0.13,0.0,0.08,0.0
424,2017-01-20,249.0,18.0,13.0,42.0,46.0,166.0,14.0,194.0,72.0,291,0.0,0.0,0.13,0.0,0.17,0.0
425,2019-01-11,249.0,4.0,23.0,38.0,34.0,472.0,31.0,194.0,721.0,1012,0.0,0.0,0.1,0.0,0.15,0.0
426,2019-05-31,249.0,60.0,16.0,2.0,36.0,14.0,103.0,40.0,140.0,1152,0.14,0.0,0.13,0.0,0.37,0.0
427,2018-06-19,251.0,78.0,181.0,48.0,290.0,18.0,1.0,247.0,-1.0,806,0.29,0.0,0.13,0.0,0.1,0.0
428,2016-08-12,252.0,46.0,2.0,1.0,-1.0,-1.0,-1.0,-1.0,-1.0,130,0.43,0.0,0.27,0.0,0.33,0.0
429,2018-01-27,252.0,26.0,15.0,2.0,147.0,-1.0,7.0,132.0,533.0,663,0.14,0.0,0.17,0.0,0.25,0.0
430,2018-05-21,254.0,49.0,92.0,95.0,282.0,-1.0,236.0,85.0,-1.0,777,0.0,0.0,0.0,0.0,0.0,0.0
431,2018-12-30,254.0,118.0,101.0,39.0,505.0,-1.0,459.0,140.0,223.0,1000,0.0,0.0,0.0,0.0,0.03,0.0
432,2016-05-17,255.0,43.0,-1.0,-1.0,-1.0,-1.0,-1.0,37.0,-1.0,43,0.0,0.0,0.0,0.0,0.14,0.0
433,2016-08-10,255.0,44.0,-1.0,82.0,-1.0,-1.0,10.0,122.0,85.0,128,0.0,0.0,0.67,0.0,0.8,0.0
434,2017-11-18,256.0,75.0,4.0,1.0,-1.0,334.0,211.0,104.0,-1.0,593,0.29,0.0,0.3,0.0,0.2,0.0
435,2018-06-11,261.0,70.0,63.0,10.0,121.0,-1.0,-1.0,190.0,-1.0,798,0.0,0.0,0.07,0.0,0.3,0.0
436,2019-07-02,261.0,1.0,35.0,82.0,142.0,-1.0,-1.0,212.0,386.0,1184,0.0,0.0,0.0,0.03,0.05,0.02
437,2017-11-02,264.0,59.0,79.0,15.0,286.0,125.0,183.0,95.0,-1.0,577,0.0,0.0,0.03,0.0,0.07,0.0
438,2019-07-26,265.0,25.0,46.0,7.0,240.0,175.0,476.0,278.0,-1.0,1208,0.0,0.0,0.1,0.03,0.1,0.02
439,2016-08-27,267.0,61.0,50.0,-1.0,-1.0,-1.0,-1.0,-1.0,-1.0,145,0.0,0.0,0.0,0.0,0.02,0.02
440,2017-03-04,267.0,61.0,78.0,9.0,72.0,-1.0,-1.0,125.0,189.0,334,0.0,0.0,0.03,0.0,0.02,0.0
441,2018-10-01,267.0,28.0,12.0,48.0,125.0,105.0,-1.0,141.0,576.0,910,0.0,0.0,0.03,0.0,0.03,0.0
442,2016-09-07,269.0,1.0,13.0,-1.0,-1.0,-1.0,-1.0,17.0,-1.0,156,0.0,0.0,0.27,0.0,0.13,0.03
443,2017-11-06,269.0,63.0,100.0,3.0,131.0,209.0,-1.0,78.0,425.0,581,0.14,0.0,0.07,0.0,0.03,0.0
444,2017-06-19,270.0,77.0,107.0,350.0,28.0,-1.0,-1.0,92.0,-1.0,441,0.0,0.0,0.03,0.0,0.02,0.0
445,2018-01-21,270.0,20.0,135.0,9.0,206.0,-1.0,-1.0,189.0,216.0,657,0.0,0.0,0.07,0.0,0.03,0.0
446,2019-05-02,270.0,31.0,33.0,40.0,345.0,-1.0,-1.0,179.0,466.0,1123,0.0,0.14,0.0,0.03,0.05,0.02
447,2016-09-17,271.0,11.0,127.0,93.0,-1.0,-1.0,-1.0,55.0,-1.0,166,0.0,0.0,0.0,0.0,0.08,0.0
448,2017-10-18,271.0,44.0,11.0,101.0,341.0,-1.0,-1.0,24.0,396.0,562,0.0,0.0,0.37,0.0,0.2,0.0
449,2016-10-05,272.0,29.0,5.0,128.0,-1.0,-1.0,149.0,38.0,-1.0,184,0.29,0.0,0.1,0.03,0.17,0.03
450,2016-11-10,272.0,65.0,25.0,164.0,-1.0,35.0,7.0,74.0,36.0,220,0.0,0.0,0.07,0.0,0.1,0.02
451,2017-01-17,272.0,15.0,31.0,7.0,65.0,103.0,75.0,142.0,68.0,288,0.0,0.0,0.07,0.0,0.12,0.0
452,2017-05-15,272.0,42.0,3.0,62.0,183.0,91.0,193.0,260.0,118.0,406,0.14,0.0,0.03,0.0,0.02,0.02
453,2018-08-23,272.0,59.0,4.0,64.0,283.0,155.0,658.0,53.0,465.0,871,0.29,0.0,0.07,0.0,0.13,0.0
454,2018-04-10,273.0,8.0,35.0,6.0,284.0,303.0,38.0,324.0,-1.0,736,0.14,0.0,0.1,0.0,0.17,0.0
455,2018-04-17,273.0,15.0,42.0,1.0,291.0,310.0,45.0,331.0,7.0,743,0.29,0.0,0.1,0.0,0.18,0.0
456,2018-06-12,273.0,71.0,30.0,2.0,347.0,366.0,55.0,23.0,56.0,799,0.14,0.0,0.43,0.0,0.37,0.02
457,2019-01-27,273.0,20.0,23.0,6.0,211.0,595.0,92.0,154.0,229.0,1028,0.14,0.0,0.27,0.0,0.28,0.0
458,2016-09-07,275.0,1.0,9.0,141.0,136.0,116.0,-1.0,-1.0,-1.0,156,0.0,0.0,0.03,0.03,0.02,0.02
459,2017-08-26,275.0,61.0,34.0,132.0,489.0,98.0,-1.0,125.0,353.0,509,0.0,0.0,0.0,0.0,0.02,0.0
460,2017-11-21,275.0,78.0,63.0,13.0,83.0,185.0,-1.0,44.0,87.0,596,0.0,0.0,0.07,0.0,0.15,0.0
461,2018-01-09,275.0,8.0,16.0,20.0,132.0,234.0,-1.0,93.0,49.0,645,0.0,0.0,0.1,0.0,0.07,0.0
462,2018-03-28,275.0,86.0,94.0,98.0,210.0,38.0,-1.0,171.0,78.0,723,0.0,0.0,0.0,0.0,0.02,0.0
463,2018-04-16,275.0,14.0,113.0,5.0,229.0,57.0,-1.0,8.0,19.0,742,0.14,0.0,0.27,0.0,0.15,0.0
464,2018-06-25,275.0,84.0,183.0,8.0,299.0,30.0,-1.0,78.0,70.0,812,0.0,0.0,0.03,0.0,0.07,0.0
465,2019-07-17,275.0,16.0,18.0,38.0,686.0,121.0,-1.0,109.0,387.0,1199,0.0,0.0,0.03,0.0,0.07,0.02
466,2016-12-05,276.0,90.0,20.0,13.0,95.0,-1.0,-1.0,50.0,-1.0,245,0.0,0.0,0.13,0.0,0.22,0.0
467,2018-03-08,276.0,66.0,16.0,15.0,553.0,-1.0,1.0,207.0,458.0,703,0.29,0.0,0.2,0.0,0.13,0.0
468,2018-10-08,276.0,35.0,72.0,8.0,767.0,-1.0,131.0,43.0,214.0,917,0.0,0.0,0.07,0.0,0.15,0.02
469,2019-05-07,276.0,36.0,34.0,88.0,12.0,-1.0,210.0,79.0,211.0,1128,0.0,0.0,0.03,0.0,0.03,0.0
470,2016-08-07,278.0,41.0,51.0,52.0,-1.0,-1.0,-1.0,-1.0,-1.0,125,0.0,0.0,0.0,0.0,0.07,0.0
471,2016-11-07,278.0,62.0,36.0,19.0,8.0,-1.0,-1.0,22.0,92.0,217,0.0,0.0,0.33,0.0,0.35,0.0
472,2018-02-13,279.0,43.0,14.0,4.0,-1.0,236.0,-1.0,107.0,-1.0,680,0.14,0.0,0.17,0.0,0.1,0.0
473,2019-01-07,279.0,126.0,152.0,78.0,303.0,130.0,19.0,71.0,328.0,1008,0.0,0.0,0.37,0.0,0.68,0.0
474,2019-02-19,279.0,169.0,40.0,2.0,346.0,173.0,62.0,114.0,43.0,1051,0.14,0.0,0.13,0.0,0.17,0.0
475,2017-12-01,281.0,88.0,111.0,49.0,53.0,160.0,-1.0,54.0,-1.0,606,0.0,0.0,0.0,0.0,0.13,0.0
476,2016-06-16,282.0,73.0,26.0,28.0,-1.0,-1.0,-1.0,46.0,-1.0,73,0.0,0.14,0.1,0.17,0.18,0.13
477,2016-11-24,282.0,79.0,187.0,189.0,-1.0,-1.0,-1.0,207.0,161.0,234,0.0,0.14,0.0,0.03,0.0,0.02
478,2019-03-13,282.0,65.0,1026.0,35.0,121.0,-1.0,124.0,143.0,839.0,1073,0.0,0.0,0.0,0.03,0.02,0.02
479,2017-09-21,283.0,17.0,3.0,39.0,177.0,96.0,-1.0,53.0,-1.0,535,0.14,0.0,0.03,0.0,0.18,0.0
480,2018-07-10,283.0,15.0,120.0,1.0,104.0,152.0,-1.0,9.0,292.0,827,0.14,0.0,0.3,0.0,0.18,0.0
481,2018-11-05,283.0,63.0,28.0,7.0,222.0,270.0,-1.0,127.0,118.0,945,0.0,0.0,0.2,0.0,0.18,0.0
482,2019-02-13,285.0,37.0,104.0,43.0,165.0,111.0,96.0,59.0,-1.0,1045,0.0,0.0,0.0,0.0,0.05,0.0
483,2019-05-03,285.0,32.0,16.0,60.0,244.0,190.0,175.0,138.0,79.0,1124,0.0,0.0,0.1,0.0,0.07,0.0
484,2019-06-11,285.0,71.0,3.0,99.0,283.0,229.0,29.0,177.0,39.0,1163,0.57,0.0,0.2,0.0,0.2,0.0
485,2019-04-11,286.0,10.0,8.0,83.0,150.0,590.0,-1.0,207.0,-1.0,1102,0.0,0.0,0.1,0.0,0.05,0.0
486,2016-10-12,288.0,36.0,7.0,-1.0,33.0,73.0,-1.0,80.0,-1.0,191,0.0,0.0,0.07,0.0,0.07,0.0
487,2018-02-09,288.0,39.0,24.0,6.0,316.0,457.0,-1.0,201.0,485.0,676,0.14,0.0,0.1,0.0,0.1,0.0
488,2018-06-29,288.0,4.0,38.0,17.0,456.0,597.0,-1.0,47.0,140.0,816,0.0,0.0,0.03,0.0,0.15,0.0
489,2018-08-02,288.0,38.0,16.0,7.0,490.0,631.0,-1.0,81.0,34.0,850,0.0,0.0,0.1,0.0,0.07,0.0
490,2018-05-24,289.0,52.0,1.0,22.0,359.0,656.0,-1.0,46.0,-1.0,780,0.29,0.0,0.1,0.0,0.17,0.0
491,2019-01-25,289.0,18.0,150.0,1.0,171.0,49.0,-1.0,159.0,246.0,1026,0.14,0.0,0.03,0.0,0.07,0.0
492,2016-04-26,290.0,22.0,-1.0,-1.0,-1.0,-1.0,-1.0,-1.0,-1.0,22,0.0,0.14,0.0,0.13,0.0,0.13
493,2018-07-27,290.0,32.0,26.0,21.0,-1.0,629.0,-1.0,306.0,822.0,844,0.0,0.0,0.07,0.0,0.03,0.02
494,2016-06-24,292.0,81.0,6.0,26.0,-1.0,-1.0,61.0,-1.0,-1.0,81,0.14,0.0,0.07,0.0,0.05,0.0
495,2016-08-08,292.0,42.0,2.0,35.0,-1.0,-1.0,106.0,22.0,45.0,126,0.14,0.0,0.27,0.0,0.17,0.0
496,2018-09-29,292.0,26.0,29.0,6.0,472.0,141.0,100.0,34.0,782.0,908,0.14,0.0,0.2,0.0,0.23,0.0
497,2018-06-25,294.0,84.0,185.0,308.0,-1.0,777.0,-1.0,-1.0,-1.0,812,0.0,0.0,0.0,0.0,0.0,0.0
498,2018-11-09,294.0,67.0,7.0,445.0,-1.0,28.0,-1.0,-1.0,137.0,949,0.0,0.0,0.07,0.0,0.03,0.0
499,2017-12-16,296.0,103.0,55.0,24.0,199.0,138.0,292.0,125.0,-1.0,621,0.0,0.14,0.07,0.07,0.05,0.03
500,2019-01-09,296.0,2.0,5.0,32.0,42.0,126.0,263.0,143.0,389.0,1010,0.29,0.0,0.2,0.0,0.17,0.0
501,2017-03-01,297.0,58.0,14.0,64.0,157.0,263.0,-1.0,185.0,-1.0,331,0.0,0.0,0.03,0.0,0.03,0.0
502,2016-12-30,298.0,115.0,91.0,5.0,212.0,39.0,236.0,138.0,-1.0,270,0.14,0.0,0.03,0.03,0.03,0.02
503,2017-08-21,298.0,56.0,15.0,4.0,446.0,86.0,217.0,8.0,234.0,504,0.14,0.0,0.3,0.0,0.23,0.0
504,2017-09-16,298.0,12.0,41.0,2.0,472.0,112.0,243.0,34.0,26.0,530,0.14,0.0,0.07,0.0,0.2,0.0
505,2018-07-26,298.0,31.0,20.0,7.0,306.0,425.0,556.0,25.0,313.0,843,0.0,0.0,0.27,0.0,0.27,0.03
506,2019-05-13,298.0,42.0,13.0,4.0,597.0,191.0,847.0,99.0,291.0,1134,0.14,0.0,0.2,0.03,0.25,0.02
507,2017-06-21,299.0,79.0,50.0,29.0,101.0,-1.0,-1.0,157.0,-1.0,443,0.0,0.0,0.03,0.0,0.03,0.0
508,2016-10-06,300.0,30.0,10.0,11.0,52.0,177.0,-1.0,39.0,-1.0,185,0.0,0.0,0.13,0.0,0.2,0.0
509,2017-11-01,300.0,58.0,10.0,7.0,78.0,568.0,108.0,66.0,391.0,576,0.0,0.0,0.33,0.0,0.32,0.0
510,2016-08-12,302.0,46.0,62.0,45.0,-1.0,-1.0,-1.0,-1.0,-1.0,130,0.0,0.0,0.0,0.07,0.03,0.03
511,2016-09-08,302.0,2.0,25.0,72.0,-1.0,-1.0,-1.0,11.0,27.0,157,0.0,0.0,0.27,0.03,0.13,0.05
512,2017-05-20,302.0,47.0,60.0,102.0,142.0,-1.0,-1.0,20.0,254.0,411,0.0,0.0,0.23,0.0,0.12,0.0
513,2018-09-26,302.0,23.0,28.0,19.0,41.0,-1.0,185.0,87.0,494.0,905,0.0,0.0,0.07,0.0,0.08,0.0
514,2019-07-09,302.0,8.0,13.0,29.0,192.0,-1.0,1.0,254.0,286.0,1191,0.14,0.0,0.2,0.0,0.12,0.0
515,2018-02-21,303.0,51.0,21.0,3.0,483.0,670.0,34.0,178.0,-1.0,688,0.14,0.0,0.17,0.0,0.52,0.0
516,2018-03-31,305.0,89.0,1.0,40.0,67.0,99.0,66.0,118.0,-1.0,726,0.86,0.0,0.5,0.0,0.32,0.0
517,2018-09-18,305.0,15.0,123.0,3.0,106.0,34.0,237.0,93.0,171.0,897,0.14,0.0,0.07,0.0,0.15,0.0
518,2017-03-22,308.0,79.0,62.0,83.0,91.0,88.0,-1.0,206.0,-1.0,352,0.0,0.0,0.0,0.0,0.0,0.0
519,2018-02-02,308.0,32.0,13.0,16.0,169.0,160.0,-1.0,124.0,317.0,669,0.0,0.0,0.13,0.0,0.07,0.02
520,2019-02-28,308.0,52.0,32.0,51.0,69.0,101.0,-1.0,158.0,391.0,1060,0.0,0.0,0.0,0.0,0.08,0.0
521,2016-06-22,309.0,79.0,11.0,5.0,-1.0,-1.0,-1.0,-1.0,-1.0,79,0.14,0.0,0.1,0.03,0.05,0.02
522,2016-09-16,309.0,10.0,16.0,30.0,-1.0,-1.0,-1.0,19.0,86.0,165,0.0,0.0,0.33,0.0,0.22,0.0
523,2018-02-12,309.0,42.0,55.0,49.0,142.0,126.0,-1.0,85.0,514.0,679,0.0,0.0,0.0,0.0,0.05,0.0
524,2016-11-18,310.0,73.0,8.0,-1.0,-1.0,-1.0,-1.0,-1.0,-1.0,228,0.0,0.0,0.1,0.0,0.07,0.02
525,2018-03-16,310.0,74.0,11.0,9.0,292.0,-1.0,323.0,12.0,483.0,711,0.0,0.0,0.47,0.0,0.23,0.0
526,2018-12-30,310.0,118.0,44.0,20.0,216.0,-1.0,612.0,182.0,289.0,1000,0.0,0.0,0.03,0.0,0.13,0.0
527,2016-09-21,311.0,15.0,19.0,-1.0,-1.0,-1.0,76.0,-1.0,-1.0,170,0.0,0.0,0.03,0.0,0.02,0.0
528,2016-07-13,312.0,16.0,18.0,54.0,-1.0,-1.0,-1.0,-1.0,-1.0,100,0.0,0.0,0.03,0.0,0.1,0.0
529,2018-01-14,312.0,13.0,69.0,157.0,216.0,425.0,-1.0,196.0,550.0,650,0.0,0.0,0.0,0.0,0.0,0.0
530,2016-05-06,313.0,32.0,-1.0,-1.0,-1.0,-1.0,-1.0,-1.0,-1.0,32,0.0,0.0,0.0,0.0,0.0,0.0
531,2017-11-05,314.0,62.0,-1.0,235.0,153.0,-1.0,-1.0,112.0,-1.0,580,0.0,0.0,0.0,0.0,0.0,0.0
532,2019-01-02,314.0,121.0,-1.0,15.0,211.0,-1.0,-1.0,185.0,423.0,1003,0.0,0.0,0.03,0.0,0.02,0.0
533,2019-04-17,314.0,16.0,56.0,37.0,94.0,-1.0,-1.0,10.0,105.0,1108,0.0,0.0,0.2,0.0,0.15,0.0
534,2016-08-31,315.0,65.0,21.0,6.0,-1.0,-1.0,-1.0,-1.0,-1.0,149,0.14,0.0,0.23,0.0,0.12,0.0
535,2017-12-30,315.0,117.0,266.0,1.0,208.0,-1.0,-1.0,153.0,486.0,635,0.14,0.0,0.07,0.0,0.08,0.0
536,2016-09-15,317.0,9.0,59.0,-1.0,-1.0,3.0,-1.0,-1.0,-1.0,164,0.14,0.0,0.03,0.0,0.03,0.0
537,2016-12-15,318.0,100.0,77.0,39.0,-1.0,-1.0,-1.0,-1.0,-1.0,255,0.0,0.0,0.0,0.0,0.02,0.0
538,2017-11-26,318.0,83.0,28.0,56.0,57.0,49.0,122.0,21.0,346.0,601,0.0,0.0,0.3,0.0,0.22,0.0
539,2018-12-17,318.0,105.0,29.0,238.0,189.0,345.0,508.0,71.0,386.0,987,0.0,0.0,0.03,0.0,0.07,0.0
540,2017-07-10,319.0,14.0,79.0,19.0,71.0,-1.0,-1.0,-1.0,-1.0,462,0.0,0.0,0.1,0.03,0.05,0.02
541,2018-01-19,319.0,18.0,46.0,55.0,264.0,7.0,23.0,145.0,193.0,655,0.0,0.0,0.27,0.0,0.48,0.0
542,2018-11-23,319.0,81.0,83.0,33.0,164.0,167.0,331.0,26.0,308.0,963,0.0,0.0,0.13,0.0,0.15,0.0
543,2019-01-29,319.0,22.0,2.0,21.0,231.0,20.0,398.0,93.0,67.0,1030,0.43,0.0,0.2,0.0,0.17,0.0
544,2016-12-21,321.0,106.0,9.0,15.0,116.0,189.0,174.0,-1.0,-1.0,261,0.0,0.0,0.1,0.0,0.07,0.0
545,2017-10-28,321.0,54.0,25.0,6.0,2.0,169.0,75.0,83.0,311.0,572,0.29,0.0,0.27,0.0,0.22,0.0
546,2018-01-16,321.0,15.0,43.0,9.0,82.0,249.0,155.0,2.0,80.0,652,0.71,0.0,0.37,0.0,0.33,0.0
547,2018-05-20,321.0,48.0,6.0,14.0,206.0,373.0,41.0,126.0,124.0,776,0.14,0.0,0.13,0.0,0.27,0.0
548,2016-05-03,323.0,29.0,8.0,14.0,-1.0,-1.0,-1.0,-1.0,-1.0,29,0.0,0.0,0.07,0.0,0.07,0.0
549,2018-11-12,323.0,70.0,11.0,63.0,-1.0,640.0,347.0,-1.0,923.0,952,0.0,0.0,0.1,0.0,0.12,0.0
550,2018-12-07,323.0,95.0,6.0,88.0,-1.0,665.0,372.0,-1.0,25.0,977,0.14,0.0,0.07,0.0,0.1,0.0
551,2016-11-28,324.0,83.0,107.0,32.0,29.0,142.0,-1.0,-1.0,-1.0,238,0.0,0.0,0.03,0.0,0.07,0.0
552,2017-01-27,324.0,25.0,42.0,17.0,89.0,202.0,-1.0,-1.0,60.0,298,0.0,0.0,0.03,0.0,0.05,0.0
553,2018-01-30,324.0,29.0,100.0,44.0,457.0,570.0,-1.0,184.0,368.0,666,0.0,0.0,0.0,0.0,0.02,0.0
554,2018-11-28,324.0,86.0,185.0,66.0,759.0,872.0,-1.0,31.0,302.0,968,0.0,0.0,0.0,0.03,0.12,0.02
555,2017-05-04,328.0,31.0,-1.0,-1.0,-1.0,-1.0,-1.0,-1.0,-1.0,395,0.0,0.0,0.0,0.0,0.0,0.0
556,2016-06-27,329.0,84.0,-1.0,-1.0,-1.0,-1.0,-1.0,-1.0,-1.0,84,0.0,0.0,0.0,0.0,0.0,0.0
557,2017-07-15,329.0,19.0,-1.0,-1.0,26.0,-1.0,1.0,-1.0,383.0,467,0.14,0.0,0.07,0.0,0.03,0.0
558,2017-07-28,329.0,32.0,-1.0,-1.0,39.0,-1.0,14.0,-1.0,13.0,480,0.0,0.0,0.03,0.0,0.03,0.0
559,2018-09-12,329.0,9.0,31.0,26.0,35.0,-1.0,425.0,87.0,411.0,891,0.0,0.0,0.03,0.0,0.13,0.0
560,2017-09-08,75.0,4.0,30.0,1.0,-1.0,28.0,18.0,19.0,-1.0,522,0.14,0.14,0.4,0.03,0.27,0.02
561,2018-08-07,107.0,43.0,62.0,1.0,268.0,-1.0,667.0,86.0,-1.0,855,0.43,0.0,0.27,0.0,0.15,0.0
562,2019-07-30,107.0,29.0,42.0,6.0,625.0,169.0,1024.0,1.0,357.0,1212,0.29,0.0,0.07,0.0,0.12,0.0
563,2017-03-16,126.0,73.0,1.0,86.0,83.0,-1.0,296.0,18.0,-1.0,346,0.29,0.0,0.3,0.0,0.2,0.0
564,2016-11-13,295.0,68.0,6.0,5.0,-1.0,-1.0,-1.0,133.0,-1.0,223,0.29,0.0,0.23,0.0,0.15,0.0
565,2016-11-18,295.0,73.0,11.0,10.0,-1.0,-1.0,-1.0,138.0,5.0,228,0.0,0.0,0.23,0.0,0.15,0.0
566,2017-09-10,295.0,6.0,43.0,34.0,227.0,117.0,-1.0,21.0,296.0,524,0.0,0.0,0.23,0.0,0.15,0.0
567,2016-06-21,331.0,0.0,-1.0,-1.0,-1.0,-1.0,-1.0,-1.0,-1.0,0,0.0,0.0,0.0,0.0,0.0,0.0
568,2016-08-26,331.0,60.0,-1.0,-1.0,-1.0,-1.0,-1.0,-1.0,66.0,66,0.0,0.0,0.0,0.0,0.0,0.0
569,2018-03-17,331.0,75.0,18.0,87.0,24.0,-1.0,81.0,244.0,568.0,634,0.0,0.0,0.1,0.0,0.05,0.0
570,2018-12-30,331.0,118.0,12.0,7.0,312.0,41.0,369.0,91.0,288.0,922,0.0,0.0,0.23,0.0,0.27,0.0
571,2019-04-15,331.0,14.0,100.0,113.0,418.0,147.0,475.0,197.0,106.0,1028,0.0,0.0,0.0,0.0,0.0,0.0
572,2016-12-25,332.0,110.0,-1.0,-1.0,-1.0,-1.0,-1.0,-1.0,-1.0,181,0.0,0.0,0.0,0.0,0.0,0.0
573,2017-07-10,332.0,14.0,50.0,22.0,-1.0,-1.0,-1.0,-1.0,197.0,378,0.0,0.0,0.03,0.0,0.05,0.0
574,2018-12-07,332.0,95.0,101.0,39.0,164.0,335.0,-1.0,54.0,515.0,893,0.0,0.0,0.0,0.03,0.12,0.02
575,2019-07-17,332.0,16.0,46.0,10.0,21.0,557.0,-1.0,157.0,222.0,1115,0.0,0.0,0.1,0.0,0.07,0.0
576,2016-12-27,334.0,112.0,-1.0,-1.0,-1.0,-1.0,-1.0,-1.0,-1.0,183,0.0,0.0,0.0,0.0,0.0,0.0
577,2018-09-08,335.0,5.0,11.0,3.0,356.0,434.0,-1.0,83.0,-1.0,803,0.14,0.0,0.17,0.0,0.08,0.0
578,2016-10-05,336.0,29.0,-1.0,-1.0,-1.0,-1.0,-1.0,-1.0,-1.0,100,0.0,0.0,0.0,0.0,0.0,0.0
579,2017-07-03,336.0,7.0,87.0,24.0,-1.0,-1.0,-1.0,-1.0,271.0,371,0.0,0.0,0.03,0.0,0.03,0.0
580,2018-08-28,336.0,64.0,2.0,7.0,-1.0,356.0,303.0,297.0,421.0,792,0.43,0.0,0.13,0.0,0.08,0.0
581,2017-07-06,337.0,10.0,-1.0,-1.0,-1.0,-1.0,-1.0,-1.0,-1.0,374,0.0,0.0,0.0,0.0,0.0,0.0
582,2017-12-10,337.0,97.0,78.0,18.0,15.0,-1.0,-1.0,63.0,157.0,531,0.0,0.0,0.07,0.0,0.03,0.0
583,2018-12-09,337.0,97.0,19.0,6.0,14.0,339.0,-1.0,63.0,364.0,895,0.14,0.0,0.13,0.0,0.17,0.0
584,2019-07-13,337.0,12.0,69.0,18.0,230.0,55.0,-1.0,83.0,216.0,1111,0.0,0.0,0.07,0.0,0.05,0.05
585,2017-03-17,338.0,74.0,-1.0,-1.0,-1.0,-1.0,-1.0,-1.0,-1.0,263,0.0,0.0,0.0,0.0,0.0,0.0
586,2017-07-24,338.0,28.0,30.0,3.0,-1.0,-1.0,-1.0,-1.0,129.0,392,0.14,0.0,0.07,0.0,0.07,0.0
587,2018-12-04,338.0,92.0,101.0,30.0,436.0,-1.0,-1.0,23.0,498.0,890,0.0,0.0,0.23,0.0,0.13,0.0
588,2017-09-13,153.0,9.0,5.0,92.0,11.0,-1.0,22.0,52.0,-1.0,513,0.29,0.0,0.37,0.0,0.52,0.0
589,2019-06-03,153.0,63.0,14.0,109.0,175.0,152.0,24.0,141.0,628.0,1141,0.0,0.0,0.13,0.0,0.1,0.0
590,2016-04-29,326.0,0.0,-1.0,-1.0,-1.0,-1.0,-1.0,-1.0,-1.0,0,0.0,0.0,0.0,0.0,0.0,0.0
591,2016-11-02,326.0,57.0,-1.0,-1.0,-1.0,-1.0,-1.0,-1.0,187.0,187,0.0,0.0,0.0,0.0,0.0,0.0
592,2017-02-24,327.0,53.0,-1.0,-1.0,-1.0,-1.0,-1.0,-1.0,-1.0,171,0.0,0.0,0.0,0.0,0.0,0.0
593,2017-11-28,327.0,85.0,14.0,43.0,-1.0,42.0,-1.0,-1.0,277.0,448,0.0,0.0,0.03,0.0,0.07,0.0
594,2019-06-19,327.0,163.0,192.0,87.0,194.0,26.0,30.0,73.0,568.0,1016,0.0,0.0,0.03,0.0,0.52,0.0
595,2017-02-27,340.0,56.0,-1.0,-1.0,-1.0,-1.0,-1.0,-1.0,-1.0,174,0.0,0.0,0.0,0.0,0.0,0.0
596,2018-10-26,340.0,53.0,3.0,1.0,336.0,106.0,102.0,243.0,606.0,780,0.43,0.0,0.23,0.0,0.17,0.02
597,2016-12-15,342.0,100.0,-1.0,-1.0,-1.0,-1.0,-1.0,-1.0,-1.0,100,0.0,0.0,0.0,0.0,0.0,0.0
598,2017-07-21,342.0,25.0,-1.0,21.0,16.0,20.0,-1.0,-1.0,218.0,318,0.0,0.0,0.1,0.0,0.05,0.0
599,2018-05-13,342.0,41.0,108.0,13.0,312.0,170.0,-1.0,-1.0,296.0,614,0.0,0.0,0.07,0.0,0.03,0.0
600,2018-09-07,342.0,4.0,225.0,11.0,64.0,287.0,-1.0,96.0,117.0,731,0.0,0.0,0.07,0.0,0.05,0.0
601,2018-12-07,342.0,95.0,316.0,6.0,155.0,378.0,-1.0,187.0,91.0,822,0.14,0.0,0.07,0.0,0.08,0.0
602,2019-04-17,342.0,16.0,3.0,37.0,107.0,74.0,-1.0,10.0,131.0,953,0.29,0.0,0.47,0.0,0.27,0.0
603,2016-10-04,344.0,28.0,-1.0,-1.0,-1.0,-1.0,-1.0,-1.0,-1.0,28,0.0,0.0,0.0,0.0,0.0,0.0
604,2016-09-27,345.0,21.0,-1.0,-1.0,-1.0,-1.0,-1.0,-1.0,-1.0,21,0.0,0.0,0.0,0.0,0.0,0.0
605,2017-05-22,347.0,49.0,-1.0,31.0,-1.0,-1.0,-1.0,-1.0,-1.0,258,0.0,0.0,0.0,0.0,0.02,0.0
606,2019-02-25,348.0,49.0,674.0,37.0,55.0,-1.0,-1.0,1.0,-1.0,902,0.86,0.0,0.23,0.0,0.15,0.0
607,2017-05-26,351.0,53.0,-1.0,42.0,-1.0,-1.0,-1.0,-1.0,-1.0,262,0.0,0.0,0.0,0.0,0.05,0.0
608,2018-12-10,351.0,98.0,15.0,4.0,342.0,133.0,-1.0,211.0,563.0,825,0.14,0.0,0.1,0.0,0.1,0.0
609,2016-12-20,354.0,105.0,-1.0,-1.0,-1.0,-1.0,-1.0,-1.0,-1.0,105,0.0,0.0,0.0,0.0,0.0,0.0
610,2018-03-12,354.0,70.0,117.0,105.0,194.0,-1.0,-1.0,-1.0,447.0,552,0.0,0.0,0.0,0.0,0.0,0.0
611,2017-12-14,355.0,101.0,75.0,45.0,33.0,-1.0,-1.0,-1.0,-1.0,464,0.0,0.0,0.0,0.0,0.03,0.0
612,2018-03-03,355.0,61.0,1.0,2.0,60.0,-1.0,-1.0,48.0,79.0,543,0.43,0.0,0.17,0.0,0.2,0.0
613,2018-06-01,355.0,60.0,14.0,22.0,150.0,63.0,-1.0,138.0,90.0,633,0.0,0.0,0.07,0.03,0.05,0.02
614,2018-07-13,355.0,18.0,35.0,4.0,192.0,105.0,-1.0,180.0,42.0,675,0.29,0.0,0.07,0.03,0.1,0.03
615,2017-04-16,356.0,13.0,-1.0,3.0,-1.0,-1.0,-1.0,-1.0,-1.0,222,0.14,0.0,0.03,0.0,0.02,0.0
616,2018-10-20,356.0,47.0,20.0,54.0,291.0,21.0,206.0,55.0,552.0,774,0.0,0.0,0.13,0.0,0.17,0.0
617,2016-09-21,357.0,15.0,-1.0,-1.0,-1.0,-1.0,-1.0,-1.0,-1.0,15,0.0,0.0,0.0,0.0,0.0,0.0
618,2016-09-27,357.0,21.0,-1.0,-1.0,-1.0,-1.0,-1.0,-1.0,6.0,21,0.0,0.0,0.0,0.0,0.0,0.0
619,2017-12-06,357.0,93.0,78.0,14.0,151.0,-1.0,-1.0,-1.0,435.0,456,0.0,0.0,0.03,0.0,0.05,0.0
620,2019-06-28,357.0,88.0,49.0,43.0,177.0,233.0,-1.0,75.0,569.0,1025,0.0,0.0,0.0,0.0,0.08,0.0
621,2019-07-24,357.0,114.0,75.0,6.0,16.0,259.0,-1.0,101.0,26.0,1051,0.14,0.0,0.1,0.0,0.05,0.0
622,2017-12-14,358.0,101.0,-1.0,73.0,110.0,-1.0,-1.0,-1.0,-1.0,464,0.0,0.0,0.0,0.0,0.0,0.0
623,2018-06-21,358.0,80.0,-1.0,155.0,299.0,-1.0,-1.0,-1.0,189.0,653,0.0,0.0,0.0,0.0,0.0,0.0
624,2017-09-07,359.0,3.0,-1.0,14.0,127.0,136.0,-1.0,-1.0,-1.0,366,0.0,0.0,0.03,0.0,0.03,0.0
625,2017-12-30,359.0,117.0,-1.0,12.0,241.0,5.0,13.0,-1.0,114.0,480,0.14,0.0,0.63,0.0,0.82,0.0
626,2018-08-20,359.0,56.0,153.0,28.0,474.0,61.0,246.0,99.0,233.0,713,0.0,0.0,0.03,0.0,0.02,0.0
627,2018-08-30,359.0,66.0,163.0,9.0,484.0,71.0,256.0,109.0,10.0,723,0.0,0.0,0.03,0.0,0.03,0.0
628,2016-09-16,360.0,10.0,-1.0,-1.0,-1.0,-1.0,-1.0,-1.0,-1.0,10,0.0,0.0,0.0,0.0,0.0,0.0
629,2016-11-09,361.0,64.0,-1.0,-1.0,-1.0,-1.0,-1.0,-1.0,-1.0,64,0.0,0.0,0.0,0.0,0.0,0.0
630,2017-03-01,361.0,58.0,-1.0,-1.0,-1.0,-1.0,-1.0,-1.0,112.0,176,0.0,0.0,0.0,0.0,0.0,0.0
631,2017-05-11,361.0,38.0,23.0,21.0,-1.0,-1.0,-1.0,-1.0,71.0,247,0.0,0.0,0.1,0.0,0.05,0.0
632,2017-09-13,361.0,9.0,11.0,146.0,-1.0,-1.0,7.0,-1.0,125.0,372,0.0,0.0,0.37,0.0,0.2,0.0
633,2017-12-14,361.0,101.0,103.0,238.0,-1.0,5.0,99.0,-1.0,92.0,464,0.14,0.0,0.03,0.0,0.02,0.0
634,2018-09-30,361.0,27.0,197.0,42.0,165.0,2.0,389.0,-1.0,290.0,754,0.14,0.0,0.03,0.0,0.03,0.0
635,2017-06-03,362.0,61.0,-1.0,1.0,-1.0,-1.0,-1.0,-1.0,-1.0,270,0.14,0.0,0.07,0.0,0.03,0.0
636,2017-01-20,350.0,18.0,-1.0,-1.0,-1.0,-1.0,-1.0,-1.0,-1.0,18,0.0,0.0,0.0,0.0,0.0,0.0
637,2018-01-07,350.0,6.0,29.0,24.0,-1.0,-1.0,-1.0,-1.0,352.0,370,0.0,0.0,0.07,0.0,0.03,0.0
638,2018-08-03,350.0,39.0,14.0,6.0,149.0,-1.0,-1.0,82.0,208.0,578,0.14,0.0,0.07,0.0,0.03,0.0
639,2018-04-24,352.0,22.0,45.0,3.0,220.0,42.0,-1.0,-1.0,-1.0,477,0.14,0.0,0.1,0.0,0.08,0.0
640,2016-12-09,363.0,0.0,-1.0,-1.0,-1.0,-1.0,-1.0,-1.0,-1.0,0,0.0,0.0,0.0,0.0,0.0,0.0
641,2017-09-10,363.0,6.0,-1.0,17.0,-1.0,-1.0,-1.0,-1.0,275.0,275,0.0,0.0,0.03,0.0,0.02,0.0
642,2017-10-12,363.0,38.0,19.0,49.0,-1.0,-1.0,-1.0,-1.0,32.0,307,0.0,0.0,0.03,0.03,0.03,0.02
643,2016-10-27,364.0,0.0,-1.0,-1.0,-1.0,-1.0,-1.0,-1.0,-1.0,0,0.0,0.0,0.0,0.0,0.0,0.0
644,2017-05-18,364.0,45.0,-1.0,34.0,-1.0,-1.0,-1.0,-1.0,203.0,203,0.0,0.0,0.0,0.0,0.02,0.0
645,2017-05-30,364.0,57.0,-1.0,46.0,-1.0,-1.0,-1.0,-1.0,12.0,215,0.0,0.0,0.0,0.0,0.02,0.0
646,2016-11-01,365.0,0.0,-1.0,-1.0,-1.0,-1.0,-1.0,-1.0,-1.0,0,0.0,0.0,0.0,0.0,0.0,0.0
647,2017-03-15,365.0,72.0,-1.0,-1.0,-1.0,-1.0,-1.0,-1.0,134.0,134,0.0,0.0,0.0,0.0,0.0,0.0
648,2018-02-16,366.0,46.0,103.0,49.0,42.0,140.0,-1.0,-1.0,-1.0,410,0.0,0.0,0.0,0.0,0.03,0.0
649,2018-02-21,366.0,51.0,108.0,54.0,47.0,145.0,-1.0,-1.0,5.0,415,0.0,0.0,0.0,0.0,0.03,0.0
650,2017-06-29,368.0,3.0,-1.0,14.0,-1.0,-1.0,-1.0,-1.0,-1.0,178,0.0,0.0,0.03,0.0,0.02,0.0
651,2017-08-10,368.0,45.0,-1.0,23.0,-1.0,-1.0,-1.0,-1.0,42.0,220,0.0,0.0,0.03,0.0,0.03,0.0
652,2018-10-09,368.0,36.0,12.0,4.0,307.0,154.0,-1.0,-1.0,425.0,645,0.14,0.0,0.17,0.0,0.12,0.0
653,2016-12-19,370.0,0.0,-1.0,-1.0,-1.0,-1.0,-1.0,-1.0,-1.0,0,0.0,0.0,0.0,0.0,0.0,0.0
654,2018-03-21,371.0,79.0,98.0,19.0,-1.0,-1.0,178.0,-1.0,-1.0,443,0.0,0.0,0.17,0.0,0.1,0.0
655,2018-08-07,371.0,43.0,59.0,46.0,-1.0,67.0,317.0,-1.0,139.0,582,0.0,0.0,0.0,0.0,0.03,0.0
656,2017-07-07,372.0,11.0,-1.0,14.0,-1.0,2.0,86.0,-1.0,-1.0,186,0.14,0.0,0.07,0.0,0.03,0.0
657,2017-09-28,372.0,24.0,59.0,8.0,-1.0,85.0,169.0,-1.0,83.0,269,0.0,0.0,0.03,0.0,0.03,0.0
658,2017-08-23,373.0,58.0,-1.0,63.0,-1.0,-1.0,-1.0,-1.0,-1.0,233,0.0,0.0,0.0,0.0,0.0,0.0
659,2019-05-23,373.0,52.0,10.0,4.0,119.0,55.0,249.0,46.0,638.0,871,0.14,0.0,0.2,0.0,0.23,0.0
660,2017-01-11,374.0,9.0,-1.0,-1.0,-1.0,-1.0,-1.0,-1.0,-1.0,9,0.0,0.0,0.0,0.0,0.0,0.0
661,2016-12-22,375.0,0.0,-1.0,-1.0,-1.0,-1.0,-1.0,-1.0,-1.0,0,0.0,0.0,0.0,0.0,0.0,0.0
662,2017-07-17,375.0,21.0,-1.0,-1.0,-1.0,-1.0,-1.0,-1.0,207.0,207,0.0,0.0,0.0,0.0,0.0,0.0
663,2017-10-28,375.0,54.0,-1.0,-1.0,-1.0,-1.0,-1.0,-1.0,103.0,310,0.0,0.0,0.0,0.0,0.0,0.0
664,2018-06-01,375.0,60.0,34.0,6.0,101.0,97.0,-1.0,-1.0,216.0,526,0.14,0.0,0.03,0.0,0.07,0.0
665,2018-09-10,375.0,7.0,135.0,17.0,202.0,198.0,-1.0,-1.0,101.0,627,0.0,0.0,0.03,0.0,0.03,0.0
666,2018-02-05,376.0,35.0,3.0,130.0,-1.0,-1.0,158.0,-1.0,-1.0,399,0.14,0.0,0.03,0.0,0.02,0.0
667,2017-08-09,377.0,44.0,-1.0,49.0,-1.0,-1.0,-1.0,-1.0,-1.0,219,0.0,0.0,0.0,0.0,0.02,0.0
668,2017-05-23,325.0,50.0,-1.0,-1.0,-1.0,-1.0,-1.0,-1.0,-1.0,50,0.0,0.0,0.0,0.0,0.0,0.0
669,2018-10-17,367.0,44.0,12.0,5.0,-1.0,-1.0,-1.0,-1.0,-1.0,562,0.14,0.0,0.07,0.0,0.05,0.0
670,2019-01-26,367.0,19.0,113.0,12.0,-1.0,-1.0,-1.0,62.0,101.0,663,0.0,0.0,0.03,0.0,0.05,0.0
671,2019-04-27,367.0,26.0,14.0,52.0,-1.0,6.0,-1.0,28.0,91.0,754,0.14,0.0,0.13,0.0,0.15,0.0
672,2017-07-18,378.0,22.0,-1.0,-1.0,-1.0,-1.0,-1.0,-1.0,-1.0,106,0.0,0.0,0.0,0.0,0.0,0.0
673,2018-03-15,379.0,73.0,-1.0,-1.0,-1.0,-1.0,-1.0,-1.0,-1.0,346,0.0,0.0,0.0,0.0,0.0,0.0
674,2019-05-07,379.0,36.0,21.0,55.0,-1.0,1.0,57.0,44.0,418.0,764,0.14,0.0,0.07,0.0,0.27,0.0
675,2017-06-12,380.0,70.0,-1.0,-1.0,-1.0,-1.0,-1.0,-1.0,-1.0,70,0.0,0.0,0.0,0.0,0.0,0.0
676,2017-07-03,380.0,7.0,-1.0,-1.0,-1.0,-1.0,-1.0,-1.0,21.0,91,0.0,0.0,0.0,0.0,0.0,0.0
677,2018-11-03,381.0,61.0,35.0,5.0,137.0,121.0,-1.0,-1.0,-1.0,579,0.29,0.0,0.17,0.0,0.2,0.0
678,2019-03-17,381.0,69.0,28.0,6.0,76.0,127.0,83.0,-1.0,134.0,713,0.14,0.0,0.2,0.0,0.2,0.0
679,2018-04-24,382.0,22.0,6.0,-1.0,-1.0,-1.0,-1.0,-1.0,-1.0,386,0.14,0.0,0.07,0.0,0.03,0.0
680,2017-04-03,384.0,0.0,-1.0,-1.0,-1.0,-1.0,-1.0,-1.0,-1.0,0,0.0,0.0,0.0,0.0,0.0,0.0
681,2019-01-07,385.0,126.0,151.0,84.0,-1.0,119.0,-1.0,-1.0,-1.0,644,0.0,0.0,0.0,0.0,0.0,0.0
682,2017-08-16,387.0,51.0,-1.0,-1.0,-1.0,-1.0,-1.0,-1.0,-1.0,135,0.0,0.0,0.0,0.0,0.0,0.0
683,2017-09-01,387.0,67.0,-1.0,-1.0,-1.0,-1.0,-1.0,-1.0,16.0,151,0.0,0.0,0.0,0.0,0.0,0.0
684,2017-11-02,387.0,59.0,-1.0,-1.0,-1.0,-1.0,-1.0,-1.0,62.0,213,0.0,0.0,0.0,0.0,0.0,0.0
685,2017-06-16,388.0,74.0,-1.0,-1.0,-1.0,-1.0,-1.0,-1.0,-1.0,74,0.0,0.0,0.0,0.0,0.0,0.0
686,2017-10-30,388.0,56.0,-1.0,-1.0,-1.0,-1.0,-1.0,-1.0,136.0,210,0.0,0.0,0.0,0.0,0.0,0.0
687,2017-10-31,388.0,57.0,-1.0,-1.0,-1.0,-1.0,-1.0,-1.0,1.0,211,0.0,0.0,0.0,0.0,0.0,0.0
688,2018-08-03,388.0,39.0,28.0,57.0,-1.0,-1.0,-1.0,-1.0,276.0,487,0.0,0.0,0.07,0.0,0.08,0.0
689,2018-10-01,388.0,28.0,33.0,116.0,-1.0,-1.0,-1.0,-1.0,59.0,546,0.0,0.0,0.0,0.0,0.1,0.0
690,2018-12-27,388.0,115.0,6.0,11.0,-1.0,-1.0,4.0,-1.0,87.0,633,0.29,0.0,0.17,0.0,0.18,0.0
691,2019-02-01,388.0,25.0,6.0,15.0,23.0,-1.0,40.0,-1.0,36.0,669,0.14,0.0,0.17,0.0,0.17,0.0
692,2019-07-31,388.0,30.0,56.0,21.0,203.0,67.0,220.0,108.0,180.0,849,0.0,0.0,0.03,0.0,0.08,0.0
693,2018-01-17,390.0,16.0,-1.0,-1.0,-1.0,-1.0,-1.0,-1.0,-1.0,205,0.0,0.0,0.0,0.0,0.0,0.0
694,2019-03-03,390.0,55.0,-1.0,15.0,-1.0,173.0,-1.0,-1.0,410.0,615,0.0,0.0,0.03,0.0,0.02,0.0
695,2019-06-03,390.0,63.0,36.0,81.0,7.0,38.0,-1.0,50.0,92.0,707,0.0,0.0,0.03,0.0,0.18,0.0
696,2017-11-28,391.0,85.0,-1.0,-1.0,-1.0,-1.0,-1.0,-1.0,-1.0,155,0.0,0.0,0.0,0.0,0.0,0.0
697,2018-02-09,391.0,39.0,-1.0,-1.0,-1.0,-1.0,-1.0,-1.0,73.0,228,0.0,0.0,0.0,0.0,0.0,0.0
698,2018-08-04,392.0,40.0,18.0,2.0,-1.0,-1.0,-1.0,-1.0,-1.0,404,0.14,0.0,0.3,0.0,0.3,0.0
699,2017-10-23,383.0,49.0,-1.0,-1.0,-1.0,-1.0,-1.0,-1.0,-1.0,49,0.0,0.0,0.0,0.0,0.0,0.0
700,2017-12-20,383.0,107.0,-1.0,-1.0,-1.0,-1.0,-1.0,-1.0,58.0,107,0.0,0.0,0.0,0.0,0.0,0.0
701,2018-05-24,383.0,52.0,-1.0,-1.0,-1.0,-1.0,-1.0,-1.0,155.0,262,0.0,0.0,0.0,0.0,0.0,0.0
702,2017-03-17,389.0,0.0,-1.0,-1.0,-1.0,-1.0,-1.0,-1.0,-1.0,0,0.0,0.0,0.0,0.0,0.0,0.0
703,2017-12-26,389.0,113.0,-1.0,-1.0,-1.0,-1.0,-1.0,-1.0,284.0,284,0.0,0.0,0.0,0.0,0.0,0.0
704,2018-05-11,393.0,39.0,-1.0,4.0,-1.0,-1.0,-1.0,-1.0,-1.0,130,0.14,0.0,0.1,0.0,0.12,0.0
705,2018-10-28,393.0,55.0,23.0,30.0,-1.0,97.0,-1.0,-1.0,170.0,300,0.0,0.0,0.07,0.0,0.1,0.0
706,2018-11-26,394.0,84.0,49.0,6.0,-1.0,-1.0,217.0,-1.0,-1.0,329,0.14,0.0,0.13,0.0,0.18,0.0
707,2019-02-03,397.0,27.0,-1.0,55.0,-1.0,-1.0,-1.0,-1.0,-1.0,398,0.0,0.0,0.0,0.0,0.02,0.02
708,2018-05-11,398.0,39.0,14.0,4.0,-1.0,-1.0,-1.0,-1.0,-1.0,130,0.14,0.0,0.2,0.0,0.1,0.0
709,2018-09-10,398.0,7.0,35.0,10.0,-1.0,-1.0,-1.0,-1.0,122.0,252,0.0,0.0,0.13,0.0,0.22,0.0
710,2018-12-02,398.0,90.0,63.0,6.0,-1.0,-1.0,-1.0,-1.0,83.0,335,0.14,0.0,0.07,0.0,0.05,0.0
711,2018-10-13,399.0,40.0,179.0,30.0,-1.0,-1.0,-1.0,-1.0,-1.0,285,0.0,0.0,0.0,0.0,0.05,0.0
712,2018-08-21,400.0,57.0,7.0,11.0,-1.0,-1.0,-1.0,-1.0,-1.0,232,0.0,0.0,0.13,0.0,0.08,0.0
713,2019-01-20,400.0,13.0,9.0,29.0,-1.0,118.0,-1.0,-1.0,152.0,384,0.0,0.0,0.07,0.0,0.1,0.0
714,2019-06-26,400.0,86.0,42.0,9.0,30.0,275.0,-1.0,-1.0,157.0,541,0.0,0.0,0.13,0.0,0.18,0.0
715,2019-03-11,401.0,63.0,14.0,1.0,-1.0,122.0,-1.0,-1.0,-1.0,434,0.43,0.0,0.27,0.0,0.2,0.0
716,2018-01-29,402.0,28.0,-1.0,-1.0,-1.0,-1.0,-1.0,-1.0,-1.0,28,0.0,0.0,0.0,0.0,0.0,0.0
717,2018-09-18,402.0,15.0,-1.0,81.0,-1.0,-1.0,-1.0,-1.0,232.0,260,0.0,0.0,0.0,0.0,0.0,0.0
718,2019-01-28,402.0,21.0,-1.0,19.0,-1.0,-1.0,-1.0,-1.0,132.0,392,0.0,0.0,0.03,0.0,0.02,0.0
719,2019-07-18,402.0,17.0,41.0,190.0,115.0,5.0,-1.0,-1.0,171.0,563,0.14,0.0,0.03,0.0,0.03,0.0
720,2018-04-18,403.0,16.0,-1.0,-1.0,-1.0,-1.0,-1.0,-1.0,-1.0,107,0.0,0.0,0.0,0.0,0.0,0.0
721,2018-12-07,403.0,95.0,-1.0,49.0,-1.0,-1.0,-1.0,-1.0,233.0,340,0.0,0.0,0.0,0.0,0.03,0.0
722,2018-01-22,404.0,21.0,-1.0,-1.0,-1.0,-1.0,-1.0,-1.0,-1.0,21,0.0,0.0,0.0,0.0,0.0,0.0
723,2018-02-28,404.0,58.0,-1.0,-1.0,-1.0,-1.0,-1.0,-1.0,37.0,58,0.0,0.0,0.0,0.0,0.0,0.0
724,2018-09-14,404.0,11.0,-1.0,8.0,-1.0,71.0,-1.0,-1.0,198.0,256,0.0,0.0,0.03,0.0,0.02,0.0
725,2018-06-11,405.0,70.0,-1.0,20.0,-1.0,-1.0,-1.0,-1.0,-1.0,161,0.0,0.0,0.07,0.0,0.03,0.0
726,2019-04-19,405.0,18.0,27.0,2.0,-1.0,93.0,-1.0,-1.0,312.0,473,0.14,0.0,0.07,0.0,0.03,0.0
727,2018-07-09,410.0,14.0,-1.0,-1.0,-1.0,-1.0,-1.0,-1.0,-1.0,98,0.0,0.0,0.0,0.0,0.0,0.0
728,2018-02-19,412.0,0.0,-1.0,-1.0,-1.0,-1.0,-1.0,-1.0,-1.0,0,0.0,0.0,0.0,0.0,0.0,0.0
729,2018-07-20,412.0,25.0,-1.0,-1.0,-1.0,-1.0,-1.0,-1.0,151.0,151,0.0,0.0,0.0,0.0,0.0,0.0
730,2018-07-17,411.0,22.0,-1.0,-1.0,-1.0,-1.0,-1.0,-1.0,-1.0,22,0.0,0.0,0.0,0.0,0.0,0.0
731,2019-03-08,411.0,60.0,-1.0,-1.0,-1.0,-1.0,-1.0,-1.0,234.0,256,0.0,0.0,0.0,0.0,0.0,0.0
732,2018-02-28,414.0,0.0,-1.0,-1.0,-1.0,-1.0,-1.0,-1.0,-1.0,0,0.0,0.0,0.0,0.0,0.0,0.0
733,2019-01-16,414.0,9.0,-1.0,-1.0,-1.0,-1.0,-1.0,-1.0,322.0,322,0.0,0.0,0.0,0.0,0.0,0.0
734,2019-05-16,414.0,45.0,-1.0,-1.0,-1.0,-1.0,-1.0,-1.0,120.0,442,0.0,0.0,0.0,0.0,0.0,0.0
735,2019-05-15,419.0,44.0,11.0,5.0,-1.0,-1.0,-1.0,-1.0,-1.0,254,0.14,0.0,0.3,0.0,0.18,0.0
736,2017-12-04,406.0,0.0,-1.0,-1.0,-1.0,-1.0,-1.0,-1.0,-1.0,0,0.0,0.0,0.0,0.0,0.0,0.0
737,2019-04-15,425.0,14.0,-1.0,-1.0,-1.0,-1.0,-1.0,-1.0,-1.0,98,0.0,0.0,0.0,0.0,0.0,0.0
738,2019-06-27,426.0,87.0,61.0,6.0,-1.0,-1.0,-1.0,-1.0,-1.0,171,0.14,0.0,0.07,0.0,0.07,0.0
