,accdate,Operator_ID,vehmake,vehyear,Drv_Age,CoDrvSex,Roadway,RoadwayLightConditions(Daylight),RoadwayWeather(Clear),RoadwaySurface(Dry),Addr_Type,Neighborhood,SpeedLimitCategory,n_accidents_in_0.003,n_accidents_in_0.0015,n_accidents_in_0.00075,days_pick_start,days_vacation,freq_absence_one_week,freq_absence_one_month,freq_absence_two_month,AccPreventable
0,5/18/16,173,1,2009,40,1,5,2,0,0,2,26,4,9,9,0,44,3,0.57,0.27,0.18,0
1,1/29/18,197,1,2009,57,1,2,2,0,0,2,6,4,7,0,0,28,169,0,0.03,0.08,1
2,11/24/17,158,1,2009,47,1,5,2,0,0,2,0,4,0,0,0,81,96,0,0.17,0.1,0
3,9/9/16,53,5,2013,54,1,5,2,0,0,2,14,5,13,11,11,3,5,0.29,0.23,0.3,0
4,5/27/18,68,5,2013,49,1,5,2,0,0,2,6,5,9,1,0,55,7,0,0.03,0.05,0
5,10/27/17,114,5,2013,61,0,5,2,0,0,2,6,4,15,4,1,53,61,0.14,0.2,0.17,0
6,11/1/16,38,1,2009,57,1,2,2,0,0,2,0,5,2,0,0,56,0,0,0.07,0.05,0
7,5/22/17,347,5,2013,29,0,5,2,1,0,3,0,5,13,12,9,49,0,0,0,0.02,0
8,6/12/17,380,5,2013,50,1,5,1,0,0,2,33,4,9,0,0,70,0,0,0,0,0
9,9/10/17,363,1,2009,51,0,4,2,0,0,2,15,5,1,1,1,6,0,0,0.03,0.02,1
10,12/15/16,318,1,2009,45,1,1,0,7,4,2,0,7,1,0,0,100,0,0,0,0.02,1
11,2/10/17,85,1,2009,60,1,5,2,0,5,2,0,4,12,1,0,39,103,0,0,0.02,0
12,9/6/17,87,5,2013,44,0,5,2,0,0,2,0,4,8,6,0,2,59,0.14,0.17,0.28,1
13,4/14/16,238,5,2010,62,1,5,2,0,0,2,26,4,11,4,0,10,0,0,0,0,0
14,6/21/16,331,5,2012,31,1,5,2,0,0,2,0,6,0,0,0,0,0,0,0,0,1
15,8/5/16,27,5,2013,61,1,5,2,0,0,2,25,4,10,10,2,39,41,0,0.03,0.15,0
16,2/7/18,201,1,2005,56,1,5,2,7,4,2,6,4,16,2,0,37,164,0,0.03,0.08,1
17,6/18/18,76,5,2013,51,1,5,2,0,0,2,0,4,1,0,0,77,79,0,0,0.03,0
18,1/17/18,119,5,2013,55,1,4,2,0,5,2,0,5,18,13,9,16,99,0.43,0.17,0.25,0
19,5/20/17,12,3,2016,71,1,5,2,0,0,2,0,4,15,3,0,47,237,0,0,0.05,0
20,2/1/18,55,5,2012,64,0,5,2,0,3,2,0,4,8,0,0,31,60,0,0.2,0.1,0
21,12/9/16,363,1,2007,51,0,5,1,0,0,2,0,4,8,0,0,0,0,0,0,0,0
22,12/14/16,205,3,2016,56,1,5,2,0,0,2,1,7,3,0,0,99,108,0.29,0.07,0.07,1
23,2/21/18,366,1,2005,62,1,1,1,5,5,2,0,4,4,0,0,51,0,0,0,0.03,1
24,4/18/16,194,1,2005,46,1,5,2,0,0,2,20,7,24,1,0,14,1,0.86,0.6,0.6,0
25,4/25/16,175,1,2005,44,1,5,2,0,0,2,3,3,42,12,11,21,0,0.29,0.09,0.09,1
26,9/8/17,75,5,2010,60,0,4,2,1,0,2,0,5,59,11,2,4,19,0.14,0.4,0.27,0
27,6/24/16,292,1,2011,29,0,5,2,0,0,2,12,5,62,10,2,81,0,0.14,0.07,0.05,0
28,11/10/16,17,1,2005,63,1,6,2,0,0,2,0,4,0,0,0,65,11,0,0.3,0.18,0
29,1/22/18,160,5,2010,39,1,5,2,5,5,2,15,4,6,1,1,21,319,0.14,0.13,0.17,0
30,3/15/17,365,0,2007,47,0,4,2,7,4,2,0,5,1,1,0,72,0,0,0,0,0
31,5/11/18,219,2,2011,60,1,4,2,1,0,2,27,5,63,54,0,39,5,0.29,0.23,0.12,0
32,4/16/18,275,5,2013,41,1,5,2,5,5,3,6,5,73,49,48,14,8,0.14,0.27,0.15,0
33,12/21/16,122,5,2013,44,0,4,0,0,0,3,0,5,73,49,48,106,66,0,0.07,0.1,0
34,9/15/16,317,1,2011,41,0,5,0,1,0,2,6,4,75,54,2,9,0,0.14,0.03,0.03,0
35,1/16/18,321,5,2010,49,1,5,1,0,5,2,0,4,79,54,1,15,2,0.71,0.37,0.33,0
36,7/6/17,337,1,2007,30,1,5,2,0,0,2,3,4,18,8,8,10,0,0,0,0,0
37,5/18/17,19,1,2007,66,1,5,2,0,0,2,6,5,2,2,1,45,60,0,0.03,0.03,0
38,12/29/16,200,5,2013,51,0,5,2,0,0,2,6,7,48,1,0,114,123,0,0.1,0.15,0
39,8/24/16,103,1,2009,57,1,4,2,0,0,2,17,4,118,46,8,58,0,0,0.2,0.17,0
40,2/24/17,327,5,2010,33,1,4,0,0,0,3,0,4,77,37,36,53,0,0,0,0,0
41,7/1/16,64,5,2012,60,1,5,2,1,0,2,0,4,50,0,0,4,0,0,0,0,1
42,5/21/18,195,1,2009,63,1,4,2,0,0,2,0,4,52,48,0,49,21,0,0.03,0.02,0
43,4/3/17,384,5,2012,40,0,5,2,0,0,3,0,4,77,71,69,0,0,0,0,0,1
44,2/13/17,182,1,2009,39,1,5,2,0,5,2,0,4,122,90,57,42,1,0.86,0.47,0.3,1
45,12/14/17,358,1,2009,44,1,3,0,7,3,2,0,7,1,0,0,101,0,0,0,0,1
46,9/7/16,269,1,2011,41,1,1,2,0,0,2,3,7,1,0,0,1,17,0,0.27,0.13,0
47,6/25/18,294,5,2012,54,1,5,2,0,0,2,2,5,14,9,0,84,0,0,0,0,0
48,9/21/16,357,5,2012,27,0,4,2,0,0,3,0,5,34,4,3,15,0,0,0,0,1
49,3/2/18,154,1,2009,50,1,5,0,7,4,2,32,5,83,11,11,60,89,0,0,0.15,1
50,7/8/16,67,5,2012,54,1,5,2,0,0,2,20,5,80,39,31,11,5,0.43,0.27,0.28,0
51,11/14/16,105,5,2013,47,1,5,2,0,0,2,32,5,6,0,0,69,60,0,0.03,0.05,1
52,2/8/18,51,1,2005,57,1,5,2,0,0,2,20,7,0,0,0,38,74,0,0,0,0
53,5/4/17,328,5,2013,28,1,5,2,5,5,2,0,5,22,9,2,31,0,0,0,0,0
54,6/18/18,128,5,2013,55,1,5,2,0,0,2,6,5,6,0,0,77,186,0.14,0.1,0.08,1
55,11/21/16,199,5,2012,43,0,4,2,7,4,2,4,5,64,27,11,76,113,0.29,0.13,0.1,0
56,2/2/18,165,1,2009,61,1,6,2,7,4,2,17,2,21,17,0,32,131,0,0.13,0.08,0
57,11/6/17,152,1,2005,57,1,5,2,1,0,2,3,4,34,7,0,63,78,0,0.03,0.07,0
58,7/7/17,372,1,2011,29,1,4,2,1,0,2,0,5,38,24,11,11,0,0.14,0.07,0.03,1
59,1/23/17,167,1,2007,55,1,5,2,0,0,2,0,5,33,19,5,21,13,0,0.17,0.13,0
60,1/3/17,1,1,2007,67,1,4,2,5,5,3,3,5,14,6,1,1,9,0,0.7,0.62,1
61,6/11/18,261,1,2009,60,0,5,2,0,0,2,37,5,22,16,15,70,190,0,0.07,0.3,0
62,6/21/16,32,1,2005,60,0,5,2,0,0,2,6,5,4,2,1,78,16,0.14,0.57,0.4,1
63,6/8/18,208,1,2011,54,1,5,2,0,0,2,0,7,16,0,0,67,103,0,0,0.02,0
64,8/9/16,189,5,2013,60,1,4,2,0,0,3,31,7,22,11,4,43,17,0,0.07,0.03,0
65,1/11/17,198,1,2005,35,0,5,2,0,0,3,3,5,25,12,0,9,150,0.14,0.17,0.2,0
66,12/23/16,218,1,2009,44,0,5,2,1,4,3,15,5,30,24,22,108,117,0,0.03,0.05,0
67,5/23/16,24,1,2009,63,1,5,2,0,0,3,0,5,27,19,17,49,1,0.86,0.3,0.24,0
68,11/2/17,387,5,2013,42,0,5,2,1,0,2,6,5,22,6,4,59,0,0,0,0,1
69,12/9/16,248,5,2013,61,1,1,2,1,5,3,6,5,49,11,9,94,0,0,0.03,0.02,0
70,12/14/17,81,1,2009,45,0,5,2,0,3,2,6,5,54,16,12,101,95,0.14,0.17,0.18,0
71,12/30/17,359,3,2016,46,1,5,1,7,4,2,0,5,58,23,1,117,0,0.14,0.63,0.82,0
72,1/30/18,13,1,2011,56,1,4,2,7,3,3,14,4,63,13,5,29,23,0,0.3,0.2,0
73,1/9/17,81,4,2016,44,0,4,0,0,3,2,11,4,68,13,4,7,1,0.86,0.53,0.37,0
74,6/11/18,405,5,2012,47,0,4,2,0,0,3,1,5,59,21,9,70,0,0,0.07,0.03,0
75,8/17/17,183,5,2012,43,0,5,2,1,0,2,6,5,20,12,3,52,88,0.14,0.13,0.12,0
76,4/11/18,128,5,2012,55,1,5,1,0,0,2,0,5,26,19,0,9,118,0,0.47,0.42,0
77,3/24/17,164,5,2010,53,1,5,2,5,5,2,0,5,18,9,4,81,32,0,0.03,0.05,0
78,1/9/18,275,5,2012,40,1,5,3,0,3,2,0,5,34,25,12,8,93,0,0.1,0.07,0
79,9/28/17,372,1,2005,29,1,5,2,1,0,2,6,5,47,7,5,24,0,0,0.03,0.03,0
80,11/22/16,146,5,2013,64,1,4,2,7,5,3,0,5,61,26,20,77,30,0,0.2,0.3,1
81,5/18/17,364,5,2012,55,0,5,2,0,0,3,34,5,61,26,20,45,0,0,0,0.02,1
82,9/21/17,53,1,2009,55,1,4,2,0,0,3,4,5,61,26,20,17,1,0.14,0.13,0.32,0
83,2/19/18,119,5,2013,55,1,5,2,5,5,2,20,5,65,27,23,49,1,0.86,0.5,0.33,0
84,5/26/17,351,5,2013,22,0,5,2,1,0,2,0,5,62,26,23,53,0,0,0,0.05,0
85,8/10/16,214,1,2009,58,1,4,2,0,0,2,21,5,4,3,1,44,3,0.57,0.23,0.13,0
86,1/11/17,374,5,2012,45,1,5,2,0,0,2,37,5,46,22,1,9,0,0,0,0,1
87,7/13/16,312,1,2011,27,1,5,2,0,0,2,0,5,60,42,8,16,0,0,0.03,0.1,1
88,12/22/16,375,1,2009,26,1,5,2,1,5,2,0,5,73,39,32,0,0,0,0,0,1
89,11/13/16,295,1,2009,27,1,4,2,0,0,2,28,5,73,39,32,68,133,0.29,0.23,0.15,0
90,7/26/17,121,3,2016,49,1,6,2,0,0,2,20,6,10,10,0,30,47,0.14,0.03,0.08,1
91,4/6/17,115,1,2005,48,1,5,2,5,5,2,0,5,31,18,1,3,46,0,0.03,0.15,0
92,9/18/17,88,1,2007,58,1,5,1,0,0,2,0,5,36,12,4,14,36,0,0,0.12,0
93,9/27/16,345,1,2009,54,1,4,2,0,0,3,4,5,25,15,2,21,0,0,0,0,1
94,5/26/16,214,1,2011,57,1,5,2,0,0,2,6,5,49,0,0,52,25,0,0.17,0.17,0
95,8/29/17,93,1,2009,56,1,5,2,0,0,2,32,5,32,5,3,64,23,0,0.23,0.4,0
96,5/23/17,325,3,2016,44,1,5,2,0,0,2,10,5,43,6,4,50,0,0,0,0,0
97,9/1/16,128,1,2007,54,1,5,2,0,0,2,30,5,43,6,4,66,24,0.29,0.27,0.38,0
98,9/1/17,387,1,2009,42,0,4,1,1,0,2,33,5,21,12,7,67,0,0,0,0,0
99,4/11/18,207,5,2012,41,0,5,2,1,0,2,0,5,1,0,0,9,45,0,0.13,0.23,1
100,7/18/17,378,1,2009,37,1,4,2,0,0,2,3,5,1,0,0,22,0,0,0,0,1
101,10/4/16,344,1,2007,30,0,5,2,0,0,2,0,5,21,12,7,28,0,0,0,0,0
102,2/28/18,43,1,2009,57,1,5,2,0,0,2,32,4,105,6,0,58,60,0,0.03,0.08,0
103,2/13/18,279,1,2011,38,0,4,2,0,3,3,32,4,13,3,2,43,107,0.14,0.17,0.1,0
104,5/20/17,302,5,2010,38,0,5,2,0,0,2,0,5,43,20,18,47,20,0,0.23,0.12,0
105,7/20/16,84,1,2007,66,1,5,2,0,0,2,31,5,30,17,10,23,17,0,0.2,0.23,0
106,11/5/17,314,1,2009,24,1,5,1,5,5,2,6,5,10,1,1,62,112,0,0,0,0
107,7/24/17,338,1,2007,35,1,4,2,0,0,2,0,4,25,19,1,28,0,0.14,0.07,0.07,0
108,7/10/17,158,1,2007,46,1,5,2,0,0,3,3,5,36,24,23,14,1,0.86,0.3,0.2,0
109,12/7/16,65,1,2007,69,1,5,2,1,0,2,31,4,25,20,13,92,59,0,0,0.03,1
110,1/15/18,119,1,2009,55,1,5,1,4,4,3,1,5,31,14,13,14,97,0.43,0.17,0.23,1
111,6/21/18,358,5,2013,44,1,5,2,0,0,3,3,5,72,50,39,80,0,0,0,0,0
112,4/24/18,382,1,2011,33,0,5,2,0,0,2,0,5,26,13,13,22,0,0.14,0.07,0.03,1
113,11/28/17,391,3,2016,46,1,5,2,0,0,2,0,5,25,17,14,85,0,0,0,0,1
114,3/3/18,355,5,2013,40,1,5,2,7,5,2,6,5,56,0,0,61,48,0.43,0.17,0.2,0
115,3/6/18,115,1,2005,49,1,1,2,0,0,2,15,5,41,21,17,64,16,0.14,0.43,0.22,1
116,8/2/17,64,5,2010,61,1,1,2,0,0,2,32,5,41,21,17,37,269,0.14,0.03,0.03,0
117,6/6/17,82,1,2007,58,0,5,2,1,0,2,17,5,40,19,5,64,44,0.57,0.53,0.52,0
118,11/17/16,208,5,2013,53,1,4,2,0,0,3,0,5,38,27,18,72,95,0.14,0.1,0.08,0
119,6/14/16,85,1,2009,59,1,5,2,0,0,2,6,5,15,7,7,71,0,0,0.07,0.05,1
120,6/4/18,224,5,2018,49,0,5,2,1,0,2,3,4,34,10,9,63,65,0.29,0.17,0.18,0
121,5/15/17,272,5,2016,46,1,5,0,0,0,2,15,5,21,3,2,42,260,0.14,0.03,0.02,0
122,7/26/16,83,1,2005,48,1,4,2,0,0,2,0,5,40,21,17,29,58,0.14,0.07,0.1,1
123,10/12/16,288,3,2016,47,1,5,2,1,0,2,3,4,27,12,9,36,80,0,0.07,0.07,0
124,8/22/17,156,5,2010,47,1,4,2,1,0,2,32,5,32,19,0,57,23,0,0.23,0.22,0
125,9/6/17,66,5,2012,59,1,5,2,0,0,2,0,5,31,7,0,2,17,0,0.47,0.27,1
126,3/31/18,305,1,2009,47,0,4,2,0,0,3,3,5,20,9,4,89,118,0.86,0.5,0.32,0
127,1/10/17,150,1,2005,52,1,5,2,3,1,2,3,5,3,1,0,8,142,0,0.17,0.08,0
128,4/4/16,43,5,2011,55,1,5,2,1,5,2,0,5,10,6,3,0,0,0,0,0,0
129,9/13/17,210,5,2013,36,1,5,2,0,0,2,33,5,31,11,5,9,24,0.14,0.23,0.13,0
130,2/27/17,340,4,2016,31,1,5,2,0,0,3,0,5,10,9,9,56,0,0,0,0,0
131,10/6/16,149,1,2007,64,1,5,0,0,0,2,16,5,23,13,1,30,0,0,0.13,0.07,1
132,5/6/16,313,1,2005,46,1,5,2,5,5,2,6,5,33,26,22,32,0,0,0,0,1
133,9/26/17,29,5,2012,49,1,5,2,0,0,3,0,5,23,14,12,22,44,0,0,0.12,0
134,9/13/17,153,3,2016,57,0,4,2,0,0,2,6,5,50,31,3,9,52,0.29,0.37,0.52,1
135,9/12/17,224,5,2012,48,0,5,2,0,0,3,6,5,13,7,0,8,23,0,0.33,0.23,0
136,10/30/17,117,1,2007,52,0,4,1,1,5,2,0,5,49,31,0,56,92,0,0.1,0.07,0
137,11/29/16,184,1,2009,35,1,5,0,1,0,2,6,5,16,8,5,84,93,0.14,0.07,0.03,1
138,1/22/18,404,2,2011,42,0,5,2,1,0,2,32,5,50,32,21,21,0,0,0,0,1
139,5/23/17,189,5,2013,61,1,1,2,0,0,2,0,5,14,4,2,50,304,0.57,0.23,0.15,0
140,2/1/18,59,2,2011,56,0,5,3,0,0,2,6,5,14,7,0,31,13,0,0.37,0.28,1
141,12/13/16,74,1,2005,61,1,4,2,1,0,3,6,5,12,6,4,98,0,0.29,0.1,0.05,0
142,2/9/18,391,1,2009,46,1,5,2,7,4,3,15,5,64,56,54,39,0,0,0,0,0
143,4/19/16,39,5,2013,53,1,5,2,1,0,2,6,5,12,2,2,15,0,0,0,0,0
144,1/30/18,324,5,2012,39,1,5,1,7,3,2,14,4,33,1,0,29,184,0,0,0.02,0
145,8/23/17,373,1,2009,28,1,5,1,5,5,2,15,5,7,3,2,58,0,0,0,0,0
146,7/13/17,179,1,2009,41,0,5,2,0,0,2,2,5,5,3,2,17,116,0,0.17,0.18,0
147,5/31/18,47,5,2010,47,1,5,2,1,0,2,0,5,16,4,4,59,18,0.29,0.63,0.52,0
148,10/18/17,271,5,2013,53,1,5,2,0,0,2,20,4,7,2,2,44,24,0,0.37,0.2,0
149,3/1/17,297,1,2009,26,1,5,2,0,0,2,0,5,15,4,3,58,185,0,0.03,0.03,1
150,5/4/16,88,1,2004,56,1,5,1,0,0,2,0,5,25,22,12,30,10,0.29,0.4,0.39,0
151,1/20/17,249,5,2012,41,1,5,1,0,0,2,0,5,39,21,4,18,194,0,0.13,0.17,0
152,1/5/18,84,1,2007,67,1,5,1,7,4,2,0,6,51,18,4,4,159,0,0.07,0.1,0
153,9/16/16,360,3,2016,42,0,5,2,0,0,2,23,6,51,18,4,10,0,0,0,0,1
154,8/16/17,387,5,2013,42,0,3,2,0,0,2,6,5,27,22,20,51,0,0,0,0,0
155,1/5/18,158,5,2012,47,1,5,2,7,3,2,6,5,43,20,3,4,138,0,0.03,0.07,0
156,5/25/16,137,1,2007,60,0,5,2,0,0,2,0,5,25,19,1,51,45,0,0.07,0.15,0
157,12/4/17,56,3,2016,59,1,5,2,1,0,3,25,5,46,18,14,91,43,0,0.03,0.13,0
158,4/28/17,66,1,2005,58,1,5,2,1,0,3,0,5,54,32,22,25,5,0.29,0.23,0.17,0
159,4/24/18,42,1,2009,66,1,5,2,0,0,2,0,5,26,15,14,22,107,0,0.07,0.08,0
160,3/17/17,338,3,2016,35,1,5,2,0,5,2,22,5,37,9,8,74,0,0,0,0,0
161,3/14/18,12,1,2009,72,1,5,2,7,5,2,1,5,34,22,1,72,206,0,0.03,0.13,0
162,1/21/18,270,5,2012,54,1,5,2,0,0,2,0,5,7,5,4,20,189,0,0.07,0.03,1
163,9/21/16,76,5,2011,49,1,5,2,0,0,2,17,5,19,5,0,15,3,0.57,0.4,0.22,0
164,12/14/17,361,1,2009,48,1,5,2,0,0,3,15,5,21,8,8,101,0,0.14,0.03,0.02,0
165,6/23/16,112,1,2009,39,1,5,2,0,0,3,6,7,14,9,9,80,4,0.43,0.57,0.28,0
166,5/11/17,361,5,2012,48,1,5,2,0,0,2,0,5,34,11,11,38,0,0,0.1,0.05,0
167,5/25/17,54,5,2013,52,1,5,2,5,5,2,0,5,23,11,6,52,151,0,0.17,0.1,0
168,11/1/17,240,5,2013,53,0,5,2,5,5,2,17,5,41,13,0,58,66,0,0.07,0.07,1
169,4/14/18,216,3,2016,46,1,4,2,5,5,2,6,5,72,9,5,12,7,0,0.13,0.13,0
170,6/1/18,76,1,2005,51,1,5,2,0,0,3,31,5,41,16,11,60,62,0,0.03,0.07,0
171,9/13/17,85,1,2009,60,1,4,2,0,0,2,6,5,28,5,5,9,59,0,0.03,0.08,0
172,9/27/17,5,5,2013,66,1,5,2,0,0,3,32,3,18,13,6,23,31,0,0,0.13,0
173,10/31/17,388,1,2011,27,1,5,2,1,0,2,6,5,9,6,1,57,0,0,0,0,1
174,6/12/18,178,1,2009,59,0,0,2,0,0,2,0,5,9,6,1,71,86,0.14,0.27,0.33,0
175,7/18/16,125,1,2011,65,1,5,2,5,5,2,0,5,9,6,1,21,36,0.14,0.07,0.17,1
176,10/24/17,164,5,2012,54,1,1,2,1,0,2,0,5,25,11,0,50,52,0.14,0.07,0.13,1
177,7/10/17,332,5,2013,41,1,2,0,0,5,3,0,5,90,28,11,14,0,0,0.03,0.05,1
178,1/9/18,85,5,2012,61,1,5,1,3,5,3,0,5,19,3,3,8,16,0.14,0.27,0.15,1
179,5/11/18,398,1,2007,36,1,5,2,0,0,2,17,5,15,4,1,39,0,0.14,0.2,0.1,0
180,11/24/16,282,5,2011,54,0,5,1,5,5,2,6,5,9,4,0,79,207,0,0,0,1
181,10/27/16,364,5,2012,54,0,5,2,5,5,2,6,5,9,4,0,0,0,0,0,0,1
182,12/10/17,337,5,2013,31,1,4,1,7,4,2,0,5,9,4,0,97,63,0,0.07,0.03,1
183,3/16/17,126,1,2011,49,0,5,2,7,4,2,0,5,9,4,0,73,18,0.29,0.3,0.2,1
184,10/8/16,23,5,2013,51,1,5,0,5,5,2,15,5,9,4,0,32,41,0,0.2,0.43,1
185,6/26/18,214,5,2012,60,1,3,2,0,0,3,33,5,16,7,6,1,184,0.14,0.13,0.08,1
186,1/20/17,92,1,2009,60,1,5,2,0,0,2,11,3,74,23,1,18,68,0,0,0,1
187,2/15/17,149,1,2009,65,1,5,2,1,5,2,3,3,74,23,1,44,94,0,0.1,0.07,0
188,1/18/17,187,5,2012,57,0,2,2,0,5,2,3,5,30,5,0,16,143,0,0.1,0.07,0
189,12/21/16,321,5,2012,48,1,5,1,0,0,2,0,5,10,5,3,106,0,0,0.1,0.07,1
190,4/18/18,403,1,2011,37,0,5,1,1,0,2,0,5,10,5,3,16,0,0,0,0,1
191,6/12/18,273,5,2011,59,0,5,2,0,0,2,4,5,10,5,3,71,23,0.14,0.43,0.37,1
192,12/4/17,406,4,2016,47,1,5,1,0,0,2,15,5,10,5,3,0,0,0,0,0,1
193,7/9/18,410,5,2013,41,0,5,2,0,0,2,17,5,10,5,3,14,0,0,0,0,1
194,2/28/18,414,1,2009,38,0,5,1,0,5,2,31,5,10,5,3,0,0,0,0,0,1
195,3/17/17,389,3,2016,28,1,5,2,0,0,2,6,5,10,5,3,0,0,0,0,0,1
196,1/25/18,84,5,2010,67,1,3,2,0,0,2,0,5,10,5,3,24,179,0,0.07,0.05,1
197,12/27/17,39,5,2016,54,1,3,1,0,4,2,20,5,10,5,3,114,52,0.29,0.2,0.23,1
198,4/29/16,326,1,2007,23,1,3,0,0,0,2,20,5,10,5,3,0,0,0,0,0,1
199,4/10/17,148,1,2005,51,1,3,2,0,0,2,15,5,10,5,3,7,13,0,0.1,0.08,1
200,3/19/18,197,5,2012,57,1,5,1,0,0,2,0,5,10,5,3,77,31,0,0.03,0.1,1
201,3/2/18,248,5,2013,62,1,3,1,7,1,2,0,5,10,5,3,60,0,0,0,0.2,1
202,5/11/17,37,5,2012,54,0,5,1,0,0,2,0,5,10,5,3,38,4,0.71,0.33,0.25,1
203,3/22/17,308,3,2016,50,1,4,1,0,0,2,0,5,10,5,3,79,206,0,0,0,0
204,10/25/17,32,1,2007,61,0,5,2,0,0,2,3,5,10,5,3,51,171,0.14,0.03,0.08,1
205,9/7/17,359,1,2007,46,1,3,1,0,0,2,0,5,10,5,3,3,0,0,0.03,0.03,1
206,8/29/16,76,5,2013,49,1,5,2,0,0,2,0,5,10,5,3,63,50,0,0.03,0.17,1
207,5/3/16,323,1,2009,40,1,5,2,0,0,2,34,5,10,5,3,29,0,0,0.07,0.07,1
208,8/8/16,292,5,2012,29,0,5,2,0,0,2,0,5,10,5,3,42,22,0.14,0.27,0.17,1
209,2/9/17,152,1,2009,56,1,5,2,7,4,2,6,5,17,5,0,38,60,0.14,0.13,0.08,0
210,5/11/18,393,5,2016,38,0,5,2,0,0,2,3,5,10,4,0,39,0,0.14,0.1,0.12,1
211,1/27/17,324,1,2007,38,1,5,2,0,0,2,31,5,44,3,0,25,0,0,0.03,0.05,1
212,10/30/17,167,5,2013,56,1,5,2,1,5,2,6,5,32,10,0,56,35,0.14,0.03,0.07,1
213,2/5/18,376,5,2012,48,0,5,1,7,4,2,32,5,36,11,1,35,0,0.14,0.03,0.02,0
214,6/24/16,191,1,2011,56,1,5,2,0,0,2,6,5,36,11,1,81,0,0,0,0.05,0
215,6/11/18,1,5,2018,69,1,5,2,0,0,2,37,5,41,4,0,70,64,0.14,0.1,0.1,0
216,9/19/17,63,5,2013,53,1,5,2,0,0,2,6,5,72,38,10,15,2,0.71,0.63,0.33,0
217,3/21/18,371,1,2011,56,1,5,2,0,0,2,3,5,53,6,0,79,0,0,0.17,0.1,1
218,3/23/17,23,1,2009,51,1,5,1,0,0,3,0,5,26,20,18,80,10,0,0.1,0.15,1
219,7/22/16,16,1,2004,64,1,5,2,0,0,3,3,5,48,40,18,25,33,0,0.03,0.13,0
220,7/15/16,97,3,2016,60,1,5,2,0,0,2,19,5,25,19,17,18,12,0,0.23,0.17,0
221,4/10/18,273,5,2012,58,0,4,2,0,0,3,6,5,59,9,4,8,324,0.14,0.1,0.17,1
222,12/31/16,242,1,2009,49,1,4,2,0,0,3,11,5,59,9,4,116,41,0,0.07,0.17,1
223,1/2/18,202,1,2005,65,0,4,2,7,3,2,15,5,64,24,7,1,100,0,0.1,0.08,0
224,3/9/18,196,1,2009,38,1,5,1,7,4,2,6,5,26,20,5,67,110,0.14,0.03,0.1,0
225,9/28/16,229,5,2013,54,1,5,2,0,0,2,0,5,28,2,1,22,0,0,0,0.05,1
226,5/9/16,63,1,2007,51,1,5,2,0,0,3,0,5,15,7,2,35,0,0,0.07,0.06,1
227,4/17/18,273,1,2011,58,0,5,2,7,4,2,33,5,60,13,11,15,331,0.29,0.1,0.18,1
228,9/17/16,271,5,2012,52,1,4,2,0,0,3,0,5,48,23,14,11,55,0,0,0.08,1
229,1/7/18,350,5,2012,47,0,1,0,7,4,2,15,5,0,0,0,6,0,0,0.07,0.03,1
230,7/6/16,185,1,2009,59,1,5,2,0,0,2,4,5,101,31,24,9,0,0,0,0,0
231,10/28/17,375,5,2013,27,1,5,2,5,5,2,0,5,52,17,7,54,0,0,0,0,0
232,1/30/17,237,3,2016,51,1,3,2,0,0,2,6,5,22,4,2,28,183,0,0.03,0.22,1
233,10/31/16,79,3,2016,60,0,5,1,1,0,2,6,7,2,1,0,55,0,0,0.03,0.08,0
234,6/1/18,355,5,2010,40,1,5,2,1,0,2,0,5,45,9,0,60,138,0,0.07,0.05,1
235,11/18/16,310,5,2012,31,0,4,2,0,0,2,9,5,58,7,0,73,0,0,0.1,0.07,0
236,4/24/18,352,1,2011,30,1,5,2,0,0,2,6,5,18,2,0,22,0,0.14,0.1,0.08,1
237,12/30/16,298,1,2011,46,1,5,2,7,5,2,3,5,18,2,0,115,138,0.14,0.03,0.03,1
238,6/12/18,184,1,2009,37,1,4,2,0,0,2,6,5,18,2,0,71,16,0,0.33,0.23,1
239,12/20/16,354,1,2011,44,1,5,1,0,0,2,6,5,22,2,1,105,0,0,0,0,1
240,9/23/16,228,1,2011,44,1,5,2,1,0,3,28,5,20,5,2,17,40,0.14,0.37,0.3,0
241,11/27/17,178,1,2009,58,0,5,2,1,0,2,3,5,84,34,26,84,1,0.86,0.97,0.88,1
242,3/8/18,88,5,2012,58,1,1,2,0,0,2,0,5,84,34,26,66,207,0.14,0.03,0.02,1
243,6/27/17,157,1,2009,43,1,5,2,0,0,2,20,5,84,34,26,1,23,0,0.27,0.15,0
244,5/25/17,177,1,2009,52,0,5,2,5,5,2,0,5,84,34,26,52,4,0.43,0.3,0.18,1
245,9/15/17,213,1,2011,59,1,0,2,1,0,2,20,5,84,34,26,11,40,0,0.03,0.25,1
246,7/3/17,336,5,2012,50,0,5,2,0,0,2,0,5,80,31,23,7,0,0,0.03,0.03,0
247,3/9/18,180,1,2005,45,0,5,2,7,5,2,6,5,48,32,22,67,208,0,0.1,0.1,1
248,3/9/18,131,5,2016,57,1,5,2,6,5,3,6,5,48,32,22,67,19,0,0.47,0.28,1
249,7/17/17,375,1,2005,27,1,5,2,0,0,2,0,5,74,5,0,21,0,0,0,0,1
250,2/28/17,197,1,2005,56,1,4,2,0,0,2,0,5,74,5,0,57,191,0,0.23,0.15,1
251,6/6/17,85,5,2016,60,1,0,2,0,0,2,0,5,74,5,0,64,93,0,0.07,0.05,1
252,2/16/18,366,1,2005,62,1,5,2,0,0,2,17,5,74,5,0,46,0,0,0,0.03,0
253,7/28/17,329,1,2009,37,1,4,2,1,0,2,29,5,74,5,0,32,0,0,0.03,0.03,1
254,3/30/17,86,5,2012,43,1,5,1,1,0,2,0,5,74,5,0,87,200,0,0,0.02,1
255,5/30/17,364,5,2012,55,0,5,2,1,0,2,30,5,74,5,0,57,0,0,0,0.02,1
256,6/27/16,329,2,2011,36,1,5,2,0,0,2,0,5,74,5,0,84,0,0,0,0,1
257,2/6/17,209,2,2011,40,1,5,2,0,0,2,17,5,74,5,0,35,57,0,0.07,0.08,1
258,6/9/16,226,2,2011,53,1,5,1,0,0,2,0,5,74,5,0,66,0,0.14,0.33,0.67,1
259,2/28/18,228,5,2013,45,1,5,2,0,0,2,0,5,49,32,11,58,80,0,0.17,0.17,0
260,7/29/16,84,5,2013,66,1,5,2,0,0,2,0,5,100,4,0,32,26,0,0.13,0.23,1
261,6/27/16,19,5,2012,65,1,5,2,0,0,2,0,5,100,4,0,84,0,0,0.07,0.07,0
262,9/21/16,311,3,2016,31,1,5,1,0,0,2,0,5,100,4,0,15,0,0,0.03,0.02,0
263,11/2/17,264,1,2011,39,0,5,2,1,0,2,0,5,37,14,7,59,95,0,0.03,0.07,0
264,4/6/18,56,5,2012,59,1,5,2,0,5,2,20,5,65,7,1,4,23,0,0.03,0.03,1
265,4/17/17,120,1,2011,50,0,3,2,0,0,2,0,5,65,7,1,14,204,0,0.03,0.12,1
266,6/14/16,105,1,2011,46,1,5,2,0,0,2,6,5,65,7,1,71,0,0.29,0.07,0.47,1
267,3/19/18,12,1,2009,72,1,3,2,0,0,2,0,5,65,7,1,77,211,0,0,0.1,1
268,5/13/18,342,5,2011,51,1,5,2,0,0,2,1,5,65,7,1,41,0,0,0.07,0.03,1
269,2/7/17,123,5,2013,35,0,4,2,0,0,2,0,5,65,7,1,36,107,0.29,0.33,0.27,1
270,9/15/17,192,1,2007,70,1,3,2,0,0,2,6,5,65,7,1,11,13,0,0.23,0.15,1
271,8/10/17,368,1,2009,47,0,5,2,0,0,2,6,5,65,7,1,45,0,0,0.03,0.03,0
272,8/9/17,377,1,2009,50,1,3,2,0,0,2,4,5,65,7,1,44,0,0,0,0.02,1
273,1/17/17,272,5,2012,46,1,5,2,5,5,2,3,5,65,7,1,15,142,0,0.07,0.12,0
274,12/19/16,370,5,2012,49,0,3,2,0,0,2,18,5,65,7,1,0,0,0,0,0,1
275,11/2/16,326,5,2012,24,1,3,2,0,0,2,3,5,65,7,1,57,0,0,0,0,1
276,3/16/18,310,2,2011,32,0,5,2,3,5,2,6,5,65,7,1,74,12,0,0.47,0.23,1
277,1/19/18,217,2,2011,49,0,3,2,0,3,2,0,5,65,7,1,18,75,0,0.07,0.08,1
278,5/5/17,2,2,2011,71,1,4,2,5,0,2,7,5,65,7,1,32,46,0,0,0.12,0
279,8/22/17,171,5,2013,49,1,0,1,1,0,2,20,5,65,7,1,57,9,0.14,0.33,0.33,1
280,6/29/18,288,1,2009,48,1,5,2,0,0,2,3,5,65,7,1,4,47,0,0.03,0.15,0
281,6/29/18,83,5,2012,50,1,3,2,0,0,2,0,5,65,7,1,4,33,0,0.03,0.15,1
282,3/20/18,26,5,2013,69,0,3,2,0,0,2,3,5,65,7,1,78,16,0,0.57,0.52,1
283,6/16/16,56,1,2009,57,1,4,2,0,0,2,0,5,65,7,1,73,4,0.43,0.23,0.12,1
284,6/1/16,182,1,2009,38,1,5,2,0,0,2,0,5,65,7,1,58,43,0,0.13,0.15,1
285,10/3/16,12,5,2012,70,1,5,3,0,0,2,24,5,65,7,1,27,8,0.29,0.73,0.48,1
286,7/6/18,128,5,2013,55,1,5,2,0,0,2,13,5,65,7,1,11,204,0,0.17,0.12,1
287,6/8/17,142,1,2009,41,0,5,2,0,0,2,0,5,65,7,1,66,34,0,0.1,0.12,1
288,10/20/17,154,1,2009,50,1,5,2,0,0,2,0,5,65,7,1,46,75,0.14,0.03,0.45,1
289,6/30/16,182,1,2009,38,1,5,2,0,0,2,3,5,65,7,1,3,72,0,0,0.07,1
290,8/31/16,191,5,2011,57,1,5,2,1,0,2,1,5,65,7,1,65,17,0,0.33,0.28,1
291,7/3/17,380,1,2011,50,1,3,2,0,0,2,5,5,65,7,1,7,0,0,0,0,1
292,1/29/18,402,3,2016,39,0,1,4,0,0,2,32,5,65,7,1,28,0,0,0,0,1
293,12/22/17,163,5,2010,50,0,4,2,7,5,2,0,5,65,7,1,109,199,0,0.3,0.17,1
294,1/6/17,208,5,2012,53,1,3,2,0,5,2,6,5,65,7,1,4,145,0,0.13,0.12,1
295,8/15/16,238,3,2016,63,1,5,2,0,0,2,0,5,65,7,1,49,22,0,0.3,0.28,1
296,7/29/16,124,1,2005,44,1,4,2,0,0,2,23,5,65,7,1,32,47,0,0.03,0.15,1
297,6/14/16,146,1,2007,64,1,5,2,0,0,2,0,5,65,7,1,71,0,0,0,0.02,0
298,6/9/16,186,5,2013,40,1,5,2,0,0,2,11,5,65,7,1,66,0,0,0,0,1
299,8/31/16,315,1,2011,46,1,5,2,0,0,2,37,5,65,7,1,65,0,0.14,0.23,0.12,1
300,8/26/16,331,2,2011,31,1,1,2,0,0,2,0,5,65,7,1,60,0,0,0,0,1
301,7/25/16,68,5,2012,47,1,3,4,4,0,2,0,5,65,7,1,28,78,0,0.03,0.07,0
302,4/13/18,243,5,2013,51,1,5,1,0,0,2,3,5,65,7,1,11,5,0.57,0.43,0.37,1
303,4/25/17,139,5,2013,61,1,5,2,0,0,2,36,5,65,7,1,22,163,0,0.07,0.05,0
304,6/16/16,282,1,2004,53,0,5,2,0,0,2,35,5,65,7,1,73,46,0,0.1,0.18,0
305,2/27/17,71,1,2009,57,0,5,2,0,0,3,0,5,25,9,8,56,85,0,0.07,0.03,1
306,11/27/16,239,5,2012,43,1,5,2,0,0,2,0,5,65,18,2,82,105,0,0,0.05,1
307,10/6/16,300,5,2012,32,1,5,2,0,0,2,20,5,94,42,0,30,39,0,0.13,0.2,1
308,3/1/17,361,1,2009,47,1,5,2,0,0,2,0,5,93,42,34,58,0,0,0,0,1
309,8/23/16,24,5,2010,63,1,5,2,0,0,2,0,5,93,42,34,57,2,0.71,0.23,0.38,1
310,10/24/17,162,5,2013,43,0,5,1,0,0,3,14,5,88,40,26,50,107,0.43,0.4,0.38,0
311,10/17/17,202,5,2012,65,0,4,2,0,0,2,3,5,31,3,0,43,23,0,0.3,0.25,1
312,8/26/17,275,5,2012,40,1,4,2,0,0,2,8,5,31,3,0,61,125,0,0,0.02,1
313,4/20/16,20,5,2012,52,0,5,2,0,0,2,20,5,46,16,3,16,0,0,0.12,0.12,0
314,4/26/17,59,5,2012,55,0,6,2,0,0,2,3,5,98,30,4,23,71,0.14,0.17,0.12,0
315,8/10/16,255,5,2012,51,0,5,2,1,0,2,17,5,25,7,0,44,122,0,0.67,0.8,0
316,7/14/17,218,1,2005,45,0,4,2,1,0,2,3,5,65,19,16,18,12,0.14,0.37,0.28,1
317,11/18/17,256,5,2013,45,1,4,2,0,0,3,0,5,64,19,17,75,104,0.29,0.3,0.2,0
318,4/17/18,53,3,2016,56,1,5,2,7,5,3,0,5,64,19,17,15,41,0,0.03,0.07,1
319,12/28/16,120,5,2013,49,0,5,0,0,0,2,3,5,64,19,17,113,94,0,0.07,0.07,0
320,4/26/16,290,1,2005,52,1,4,2,5,5,3,15,5,64,19,17,22,0,0,0,0,1
321,2/11/17,59,5,2013,55,0,4,2,1,5,3,0,5,64,19,17,40,11,0,0.27,0.23,1
322,6/1/16,237,5,2012,51,1,5,2,0,0,2,0,5,39,18,16,58,0,0,0.03,0.1,1
323,7/12/17,30,1,2005,54,0,5,2,1,0,2,15,5,47,12,6,16,9,0,0.13,0.28,0
324,9/27/16,357,5,2013,27,0,5,2,0,0,2,3,5,43,13,0,21,0,0,0,0,1
325,5/18/17,185,5,2012,60,1,4,2,0,0,2,6,5,28,1,0,45,270,0,0.03,0.02,1
326,8/18/17,166,1,2009,53,1,5,2,0,0,2,15,5,33,8,7,53,26,0,0.27,0.43,0
327,6/21/18,112,5,2011,41,1,3,2,0,0,2,3,5,33,8,7,80,25,0.14,0.37,0.37,0
328,7/6/16,65,1,2009,68,1,5,2,0,0,2,6,5,79,11,0,9,0,0,0.07,0.05,1
329,8/27/16,267,1,2009,49,1,5,2,0,0,3,22,5,31,8,1,61,0,0,0,0.02,0
330,11/1/17,300,3,2016,33,1,6,2,5,5,2,8,5,38,18,1,58,66,0,0.33,0.32,0
331,6/18/18,158,5,2012,47,1,4,2,0,0,2,8,5,38,18,1,77,92,0.14,0.03,0.12,1
332,5/17/16,255,1,2005,51,0,6,2,0,0,2,3,5,38,18,1,43,37,0,0,0.14,0
333,3/4/17,267,5,2013,50,1,4,2,7,4,3,15,5,40,10,6,61,125,0,0.03,0.02,0
334,6/19/18,251,1,2009,53,0,4,2,0,0,2,6,5,52,22,12,78,247,0.29,0.13,0.1,0
335,11/10/16,272,5,2013,46,1,4,3,0,0,3,3,5,52,12,10,65,74,0,0.07,0.1,1
336,4/25/18,118,1,2009,55,1,5,2,5,5,2,0,5,40,19,7,23,199,0,0.03,0.12,0
337,3/15/18,379,1,2007,28,1,5,1,0,0,2,6,5,54,21,0,73,0,0,0,0,0
338,6/20/16,102,1,2004,51,1,5,2,0,0,2,6,5,54,21,0,77,42,0,0.03,0.05,1
339,10/17/17,124,1,2007,45,1,5,2,0,0,2,3,6,37,0,0,43,2,0.86,0.27,0.15,0
340,4/20/16,1,1,2007,66,1,5,2,0,0,2,0,5,21,7,0,16,0,0,0,0,0
341,11/28/16,324,5,2012,38,1,5,2,0,0,2,11,5,51,17,10,83,0,0,0.03,0.07,1
342,12/14/17,157,5,2013,44,1,5,2,7,3,2,0,5,47,20,0,101,11,0,0.3,0.17,0
343,7/18/17,240,1,2009,53,0,5,2,0,0,2,3,6,0,0,0,22,86,0,0.07,0.12,1
344,9/8/16,302,1,2009,37,0,5,2,0,0,3,9,5,49,16,7,2,11,0,0.27,0.13,0
345,7/21/16,246,5,2013,40,1,5,2,0,0,2,0,5,26,20,1,24,0,0,0,0.03,0
346,9/21/17,283,1,2009,40,1,5,2,0,0,2,0,5,26,20,1,17,53,0.14,0.03,0.18,0
347,8/7/16,278,5,2010,26,1,5,2,0,0,2,32,5,53,20,11,41,0,0,0,0.07,1
348,10/23/17,383,3,2016,36,1,1,3,0,0,3,17,5,65,19,10,49,0,0,0,0,1
349,11/10/16,187,1,2007,57,0,5,2,0,0,2,23,5,2,2,2,65,74,0,0.17,0.08,1
350,6/7/16,171,5,2013,47,1,5,2,1,0,2,3,5,51,20,0,64,0,0.14,0.3,0.33,1
351,11/13/17,60,5,2012,62,0,5,1,5,5,2,31,5,23,13,4,70,64,0,0.03,0.03,0
352,12/16/17,296,1,2009,48,0,5,2,7,4,2,6,5,23,13,4,103,125,0,0.07,0.05,0
353,1/27/18,252,5,2013,51,1,4,2,0,0,3,0,5,10,0,0,26,132,0.14,0.17,0.25,1
354,2/8/17,30,1,2005,53,0,5,2,1,0,2,3,5,25,10,6,37,12,0.29,0.1,0.2,0
355,12/23/17,74,1,2009,62,1,5,2,7,4,2,0,5,39,16,6,110,293,0,0.17,0.17,0
356,11/6/17,269,1,2009,42,1,5,2,0,0,2,31,5,5,0,0,63,78,0.14,0.07,0.03,0
357,9/16/16,309,1,2009,34,0,1,2,0,0,2,36,5,9,8,4,10,19,0,0.33,0.22,0
358,2/6/18,172,5,2012,68,1,5,1,7,4,2,32,5,48,17,16,36,74,0,0,0.03,0
359,12/14/17,355,1,2009,40,1,5,2,7,4,3,0,5,18,7,6,101,0,0,0,0.03,1
360,9/27/17,39,1,2009,54,1,5,2,0,0,2,0,4,22,8,3,23,25,0.14,0.23,0.35,1
361,5/20/17,238,5,2013,63,1,5,2,0,0,3,0,5,21,4,3,47,265,0,0.33,0.2,0
362,5/10/18,157,1,2009,44,1,5,2,1,0,2,1,5,51,13,11,38,158,0.14,0.03,0.03,0
363,11/9/16,361,1,2011,47,1,5,2,1,0,2,6,5,25,3,0,64,0,0,0,0,1
364,5/5/16,60,5,2012,61,0,5,2,1,0,2,33,5,3,1,0,31,0,0,0,0,0
365,7/7/16,45,1,2009,54,0,5,2,0,0,2,21,5,52,17,8,10,34,0.14,0.07,0.07,1
366,2/28/18,404,1,2007,42,0,5,2,0,0,2,0,5,50,2,1,58,0,0,0,0,0
367,12/30/17,315,1,2009,47,1,0,1,7,4,2,20,4,11,1,1,117,153,0.14,0.07,0.08,1
368,5/27/16,164,5,2012,53,1,4,2,0,0,2,21,5,26,3,0,53,0,0,0,0.02,1
369,8/30/16,196,1,2007,36,1,4,2,0,0,3,6,5,24,11,9,64,23,0,0.27,0.18,0
370,9/16/16,9,1,2007,61,0,5,2,0,0,3,0,5,12,11,5,81,54,0,0.03,0.12,1
371,8/2/17,31,1,2007,59,1,5,2,0,0,3,14,5,54,17,8,37,10,0,0.5,0.25,0
372,6/20/17,62,1,2009,63,1,5,2,0,0,3,0,5,54,17,8,78,1,0.29,0.33,0.18,1
373,10/8/17,93,5,2016,56,1,1,2,0,0,2,0,5,1,1,1,34,63,0,0,0,0
374,5/3/16,112,5,2012,39,1,4,2,0,0,3,0,5,17,16,15,29,0,0,0,0,0
375,12/15/16,214,5,2013,58,1,1,2,7,4,2,6,4,64,28,2,100,98,0,0.03,0.02,0
376,10/19/17,85,5,2012,60,1,1,2,0,0,2,3,5,4,2,0,45,95,0.14,0.03,0.02,0
377,10/13/17,109,1,2009,60,1,5,2,1,0,2,0,5,41,24,24,39,42,0,0.03,0.13,0
378,4/16/18,24,1,2009,65,1,5,2,5,5,2,9,5,48,8,0,14,78,0,0.1,0.12,0
379,6/19/17,270,5,2012,54,1,5,2,0,0,2,0,5,13,10,0,77,92,0,0.03,0.02,0
380,7/5/16,81,1,2011,43,0,1,2,0,0,3,0,5,59,13,13,8,37,0,0.13,0.3,1
381,6/1/18,375,1,2007,28,1,4,2,0,0,2,0,5,40,21,8,60,0,0.14,0.03,0.07,1
382,10/28/17,321,5,2013,49,1,5,1,5,5,2,0,5,67,20,10,54,83,0.29,0.27,0.22,0
383,12/25/16,332,3,2016,40,1,5,2,0,0,2,0,5,9,4,0,110,0,0,0,0,1
384,5/28/18,245,5,2012,63,1,5,2,0,0,3,0,5,22,9,7,56,43,0,0,0.13,0
385,7/27/17,151,1,2009,46,1,5,2,5,5,3,0,5,54,13,13,31,4,0.43,0.6,0.37,0
386,4/26/17,245,1,2011,62,1,5,2,1,0,3,0,5,54,13,13,23,31,0,0,0.17,1
387,11/18/16,295,5,2012,27,1,5,2,0,0,2,17,5,44,20,2,73,138,0,0.23,0.15,0
388,12/15/16,342,4,2016,50,1,6,0,7,4,3,0,5,38,3,2,100,0,0,0,0,1
389,9/13/17,361,5,2013,48,1,5,2,0,0,2,0,5,33,11,7,9,0,0,0.37,0.2,0
390,3/17/17,170,1,2009,44,0,5,2,1,5,2,0,5,13,7,0,74,187,0,0.03,0.02,0
391,5/19/16,236,5,2011,56,1,4,2,0,0,2,36,5,39,3,2,45,25,0.14,0.23,0.26,0
392,3/14/18,166,5,2013,54,1,5,2,6,5,2,5,5,18,9,0,72,234,0,0,0.05,0
393,12/26/17,389,5,2013,29,1,4,0,7,3,3,4,5,13,4,3,113,0,0,0,0,1
394,5/20/18,321,1,2009,49,1,5,2,0,0,2,1,4,25,10,1,48,126,0.14,0.13,0.27,1
395,7/26/16,116,1,2007,48,0,4,2,0,0,3,16,5,23,10,9,29,16,0,0.37,0.3,0
396,11/5/17,26,5,2013,68,0,5,2,5,5,2,0,4,25,1,0,62,238,0.29,0.07,0.05,0
397,5/14/16,35,5,2012,49,1,5,2,1,0,2,3,5,23,10,7,40,0,0,0.23,0.17,0
398,9/29/17,238,5,2012,64,1,5,2,5,5,2,6,5,13,3,3,25,61,0,0.03,0.03,1
399,7/10/17,319,4,2016,43,1,5,2,0,0,2,15,5,91,47,1,14,0,0,0.1,0.05,0
400,10/17/16,150,1,2005,51,1,5,2,0,0,2,0,5,37,27,25,41,57,0,0,0.07,1
401,10/12/17,363,1,2011,52,0,5,2,0,0,3,0,5,20,9,8,38,0,0,0.03,0.03,1
402,1/14/18,312,5,2013,28,1,4,2,4,4,2,24,5,4,0,0,13,196,0,0,0,1
403,10/30/17,388,5,2012,27,1,5,0,5,5,2,3,5,10,2,0,56,0,0,0,0,0
404,8/12/16,252,5,2012,50,1,4,2,0,0,2,20,5,77,46,0,46,0,0.43,0.27,0.33,1
405,9/16/17,298,5,2012,47,1,6,4,4,0,3,20,5,87,51,27,12,34,0.14,0.07,0.2,1
406,6/27/17,58,1,2005,53,1,4,2,1,5,3,0,5,87,51,27,1,23,0.14,0.57,0.47,0
407,12/3/16,189,5,2011,60,1,4,2,5,5,3,0,5,30,29,28,88,133,0,0.1,0.07,0
408,10/17/16,103,1,2009,57,1,5,1,5,5,2,4,4,5,4,3,41,43,0,0.1,0.2,1
409,3/12/18,354,5,2013,45,1,5,2,1,5,2,19,5,15,3,2,70,0,0,0,0,0
410,6/22/16,309,5,2013,33,0,5,2,0,0,3,0,5,15,3,2,79,0,0.14,0.1,0.05,0
411,12/6/17,357,3,2016,28,0,5,0,0,0,2,4,7,25,9,0,93,0,0,0.03,0.05,0
412,2/19/18,412,2,2011,28,1,5,2,1,0,2,20,7,0,0,0,0,0,0,0,0,1
413,1/12/18,112,3,2016,41,1,5,1,7,4,2,15,5,16,6,4,11,54,0,0.6,0.57,0
414,10/28/16,103,1,2007,57,1,5,2,0,0,2,11,5,23,23,16,52,54,0.14,0.1,0.18,0
415,11/9/16,249,5,2012,41,1,5,2,0,0,2,0,5,19,1,1,64,122,0.29,0.13,0.08,0
416,4/24/18,192,2,2011,70,1,4,2,0,0,3,19,5,14,8,6,22,112,0,0,0,0
417,5/23/18,176,1,2011,54,1,4,2,0,0,2,6,5,18,4,2,51,263,0,0.07,0.03,1
418,4/18/16,94,5,2013,46,1,5,2,0,0,2,23,5,30,12,3,14,0,0,0,0,0
419,1/17/18,390,5,2012,36,1,5,1,7,3,2,17,7,27,3,0,16,0,0,0,0,0
420,3/17/18,331,1,2009,33,1,1,2,0,0,2,3,5,36,21,0,75,244,0,0.1,0.05,0
421,4/11/17,197,5,2013,56,1,5,2,1,0,2,0,5,17,4,3,8,233,0,0,0.08,0
422,8/30/16,21,1,2011,52,1,4,2,0,0,2,6,5,3,1,0,64,95,0,0.03,0.03,0
423,11/17/16,24,5,2010,63,1,4,2,0,0,2,0,5,36,23,2,72,25,0,0.27,0.18,0
424,12/20/17,171,3,2016,49,1,5,2,0,0,2,0,5,51,33,32,107,129,0.14,0.2,0.17,0
425,7/7/16,168,1,2007,52,1,5,2,0,0,2,3,5,54,39,33,10,0,0,0,0,0
426,2/12/18,309,1,2011,35,0,5,2,0,0,2,0,5,48,38,33,42,85,0,0,0.05,0
427,7/7/16,41,1,2011,66,1,5,2,0,0,3,30,5,3,2,2,10,39,0,0,0.12,0
428,12/7/16,10,5,2010,62,0,4,0,0,0,2,17,5,15,7,5,92,3,0.71,0.37,0.23,0
429,1/2/18,93,5,2012,57,1,5,2,7,3,2,6,5,47,8,2,1,149,0.14,0.03,0.02,0
430,8/12/16,302,1,2011,37,0,5,2,0,0,2,0,5,15,11,6,46,0,0,0,0.03,0
431,12/5/16,276,1,2009,38,1,5,1,0,0,2,6,5,10,6,3,90,50,0,0.13,0.22,0
432,9/7/16,275,3,2016,39,1,5,2,0,0,2,20,5,8,4,3,1,0,0,0.03,0.02,0
433,5/18/17,62,1,2011,63,1,5,2,1,0,3,0,5,9,6,6,45,179,0,0.03,0.03,1
434,12/3/16,237,1,2009,51,1,5,2,5,5,2,23,5,9,3,3,88,125,0.29,0.23,0.2,0
435,7/15/17,329,1,2009,37,1,5,2,0,0,2,17,5,18,5,2,19,0,0.14,0.07,0.03,0
436,2/9/18,288,1,2009,48,1,5,2,7,3,2,0,6,16,0,0,39,201,0.14,0.1,0.1,0
437,6/25/16,152,2,2011,55,1,5,2,0,0,2,6,7,1,0,0,82,69,0.14,0.03,0.07,0
438,5/21/18,172,5,2012,69,1,3,2,0,0,2,6,7,1,0,0,49,3,0.57,0.27,0.2,1
439,5/6/16,70,1,2009,46,1,5,2,0,0,2,12,5,19,15,0,32,0,0,0,0,0
440,8/17/16,27,5,2013,61,1,4,2,0,0,2,0,5,15,13,11,51,53,0.14,0.03,0.15,0
441,4/3/18,213,1,2009,60,1,4,2,0,0,3,0,7,0,0,0,1,149,0,0,0,0
442,1/19/18,319,5,2013,43,1,5,2,0,5,3,3,7,13,7,7,18,145,0,0.27,0.48,0
443,4/13/17,70,5,2012,47,1,5,2,0,0,2,0,7,24,3,0,10,256,0.57,0.2,0.13,1
444,6/3/17,362,5,2012,38,1,6,2,0,0,2,0,5,15,6,6,61,0,0.14,0.07,0.03,0
445,12/20/17,383,3,2016,36,1,5,1,0,0,2,0,6,0,0,0,107,0,0,0,0,1
446,10/4/16,7,5,2012,61,1,5,2,0,0,3,1,4,36,31,21,28,9,0.14,0.33,0.3,0
447,3/28/18,275,5,2010,40,1,2,2,0,5,2,0,5,17,14,5,86,171,0,0,0.02,0
448,9/10/17,295,5,2011,28,1,5,2,0,0,2,33,5,23,19,3,6,21,0,0.23,0.15,0
449,7/21/17,342,1,2011,51,1,5,2,0,0,3,24,4,13,4,4,25,0,0,0.1,0.05,0
450,5/7/16,42,1,2009,64,1,5,2,0,0,2,0,5,23,3,0,33,0,0,0.03,0.03,1
451,8/8/17,119,5,2012,55,1,5,2,0,0,2,3,4,6,2,2,43,16,0.29,0.5,0.38,0
452,5/24/18,383,1,2011,37,1,4,2,0,0,2,6,5,22,0,0,52,0,0,0,0,0
453,8/3/16,59,4,2016,54,0,5,2,0,1,2,6,5,52,43,0,37,0,0,0.17,0.55,0
454,2/27/17,73,5,2013,60,1,6,2,0,0,2,0,5,7,4,1,56,99,0.14,0.03,0.02,0
455,8/23/16,174,5,2012,44,1,5,2,0,0,2,11,5,7,4,1,57,30,0,0,0.12,1
456,2/2/18,308,5,2013,51,1,5,2,0,5,2,18,5,7,4,1,32,124,0,0.13,0.07,0
457,4/16/17,356,1,2009,47,1,5,2,0,0,2,6,5,66,6,6,13,0,0.14,0.03,0.02,1
458,11/21/17,275,1,2009,40,1,5,2,0,0,2,0,7,5,0,0,78,44,0,0.07,0.15,1
459,1/20/17,350,5,2012,46,0,5,1,0,0,3,0,5,72,6,6,18,0,0,0,0,0
460,6/27/18,83,5,2012,50,1,5,2,1,5,2,0,4,9,3,2,2,31,0,0.03,0.15,1
461,7/31/17,18,1,2009,57,1,5,2,0,0,2,0,6,5,0,0,35,8,0,0.77,0.85,1
462,11/1/16,365,5,2011,47,0,5,1,0,0,2,6,6,5,0,0,0,0,0,0,0,1
463,12/27/16,334,5,2013,39,0,5,1,0,0,2,17,5,36,13,0,112,0,0,0,0,0
464,5/21/18,254,2,2011,39,1,5,2,0,0,2,20,5,0,0,0,49,85,0,0,0,1
465,8/2/17,214,1,2007,59,1,5,2,0,0,2,6,5,5,2,1,37,17,0,0.37,0.3,0
466,3/8/18,276,5,2016,39,1,5,2,0,0,2,24,5,32,1,1,66,207,0.29,0.2,0.13,0
467,11/1/16,207,1,2009,40,0,5,2,0,0,2,0,4,11,9,2,56,65,0,0.03,0.07,0
468,10/17/16,205,1,2009,56,1,1,2,5,5,2,3,5,2,1,1,41,50,0.14,0.03,0.18,1
469,5/12/16,249,1,2009,41,1,4,2,0,0,3,0,5,4,4,4,38,0,0.43,0.43,0.36,0
470,8/21/17,76,5,2016,50,1,5,2,0,0,3,20,5,4,2,2,56,43,0,0.03,0.15,0
471,9/28/17,178,5,2013,58,0,5,2,1,0,3,17,5,4,2,2,24,102,0,0.2,0.28,1
472,6/25/18,275,5,2010,41,1,5,2,0,0,3,17,5,48,39,37,84,78,0,0.03,0.07,1
473,6/19/17,69,5,2013,45,1,5,2,1,0,2,36,5,26,23,19,77,71,0.29,0.27,0.22,1
474,4/26/16,146,1,2004,64,1,3,2,1,0,2,0,5,3,0,0,22,0,0,0,0,1
475,1/29/18,97,5,2013,62,1,5,3,4,0,2,17,6,47,6,5,28,50,0,0,0.12,1
476,5/1/17,147,1,2009,64,1,5,2,1,5,2,0,6,47,6,5,28,190,0.14,0.17,0.12,0
477,2/21/18,303,3,2016,47,1,5,2,0,0,2,33,5,5,5,0,51,178,0.14,0.17,0.52,0
478,12/5/16,162,5,2013,42,0,5,0,0,0,2,0,4,55,3,0,90,92,0,0.13,0.18,0
479,11/28/17,327,5,2012,34,1,0,2,0,0,2,0,7,0,0,0,85,0,0,0.03,0.07,1
480,11/7/16,278,1,2007,27,1,5,2,0,0,2,0,7,27,0,0,62,22,0,0.33,0.35,0
481,6/23/16,241,5,2012,44,1,4,2,0,0,2,0,1,2,2,1,80,0,0,0.2,0.1,1
482,10/5/16,336,5,2012,49,0,3,0,0,0,2,0,5,1,0,0,29,0,0,0,0,1
483,4/10/16,23,5,2013,50,1,4,2,0,0,2,0,7,1,0,0,6,0,0,0,0,0
484,6/16/17,388,5,2012,27,1,5,2,0,0,2,13,4,4,0,0,74,0,0,0,0,1
485,1/4/17,185,1,2009,60,1,5,0,5,5,2,0,4,4,0,0,2,136,0,0.07,0.05,1
486,7/19/16,83,3,2016,48,1,5,2,0,0,2,17,4,3,0,0,22,51,0,0.07,0.18,1
487,8/21/17,298,5,2013,46,1,5,2,0,0,2,3,4,4,4,0,56,8,0.14,0.3,0.23,0
488,10/5/16,272,5,2013,45,1,5,0,0,0,2,20,3,4,1,0,29,38,0.29,0.1,0.17,0
489,6/10/17,185,3,2016,60,1,4,2,0,0,2,3,7,21,0,0,68,293,0,0,0.02,0
490,6/19/17,214,3,2016,58,1,5,2,1,0,2,0,4,26,14,0,77,1,0.86,0.23,0.15,1
491,6/29/17,368,1,2009,47,0,4,2,0,0,2,0,3,3,3,0,3,0,0,0.03,0.02,0
492,11/10/16,34,5,2013,61,1,5,0,0,0,2,0,4,19,17,0,65,53,0.14,0.8,0.9,0
493,10/28/16,118,1,2009,53,1,5,2,0,0,2,16,5,1,0,0,52,19,0,0.27,0.13,0
494,8/22/17,12,1,2011,71,1,5,0,0,0,2,6,7,18,0,0,57,2,0.71,0.93,0.6,0
495,2/8/18,217,5,2013,49,0,5,2,7,4,2,0,5,0,0,0,38,95,0.14,0.13,0.13,0
496,11/2/17,228,5,2013,45,1,5,0,0,0,2,6,3,3,2,0,129,81,0,0.23,0.62,0
497,12/1/17,281,1,2004,38,1,5,2,0,0,2,0,5,0,0,0,88,54,0,0,0.13,0
498,11/2/16,170,1,2009,44,0,5,2,1,0,2,0,4,17,1,0,57,52,0,0,0.12,0
499,7/31/19,388,5,2010,29,1,1,2,0,0,4,6,0,0,0,0,30,108,0,0.03,0.08,1
500,7/30/19,107,5,2013,51,0,5,2,1,0,4,3,0,0,0,0,29,1,0.29,0.07,0.12,0
501,7/26/19,265,5,2013,46,1,5,2,0,0,4,18,0,0,0,0,25,278,0,0.1,0.1,0
502,7/26/19,245,1,2011,64,1,0,2,0,0,4,0,0,0,0,0,25,41,0,0,0.03,1
503,7/24/19,109,3,2016,62,1,4,2,0,0,4,3,0,0,0,0,23,59,0,0.03,0.05,0
504,7/24/19,357,5,2013,30,0,5,2,0,0,4,3,0,0,0,0,114,101,0.14,0.1,0.05,0
505,7/23/19,22,5,2012,78,1,5,1,0,0,4,3,0,0,0,0,22,65,0.29,0.07,0.05,1
506,7/22/19,82,1,2011,60,0,1,2,0,0,4,3,0,0,0,0,21,1,0.86,0.43,0.42,0
507,7/18/19,402,5,2012,41,0,5,2,0,0,4,19,0,0,0,0,17,0,0.14,0.03,0.03,1
508,7/17/19,332,5,2012,43,1,4,2,5,5,4,0,0,0,0,0,16,157,0,0.1,0.07,1
509,7/17/19,275,4,2016,42,1,4,2,5,5,4,0,0,0,0,0,16,109,0,0.03,0.07,0
510,7/15/19,38,3,2016,59,1,5,2,0,0,4,6,0,0,0,0,14,29,0.14,0.07,0.15,1
511,7/13/19,337,5,2013,32,1,3,2,0,0,4,16,0,0,0,0,12,83,0,0.07,0.05,1
512,7/12/19,209,5,2012,43,1,4,2,0,0,4,0,0,0,0,0,11,104,0,0.07,0.05,0
513,7/11/19,117,5,2013,54,0,5,2,1,0,4,31,0,0,0,0,10,18,0,0.23,0.32,0
514,7/9/19,302,1,2009,40,0,5,2,0,0,4,24,0,0,0,0,8,254,0.14,0.2,0.12,0
515,7/8/19,150,5,2011,73,1,5,1,0,0,4,6,0,0,0,0,7,1,0.14,0.3,0.17,1
516,7/2/19,261,1,2011,61,0,6,2,0,0,4,0,0,0,0,0,1,212,0,0,0.05,1
517,7/1/19,62,1,2009,66,1,5,2,0,0,4,17,0,0,0,0,91,6,0.14,0.17,0.2,1
518,7/1/19,71,1,2009,59,0,1,2,0,0,4,0,0,0,0,0,91,80,0.14,0.17,0.08,1
519,6/28/19,357,4,2016,29,0,4,2,0,0,4,18,0,0,0,0,88,75,0,0,0.08,1
520,6/27/19,426,1,2009,35,1,5,2,0,0,4,37,0,0,0,0,87,0,0.14,0.07,0.07,1
521,6/26/19,127,1,2011,62,1,5,2,0,0,4,0,0,0,0,0,86,108,0,0,0,1
522,6/26/19,400,5,2012,36,1,5,2,0,0,4,0,0,0,0,0,86,0,0,0.13,0.18,0
523,6/24/19,174,5,2013,46,1,5,2,1,0,4,0,0,0,0,0,84,120,0.57,0.13,0.08,0
524,6/19/19,151,5,2012,48,1,5,2,0,0,4,0,0,0,0,0,79,241,0,0.03,0.07,0
525,6/19/19,327,1,2011,35,1,5,2,0,0,4,0,0,0,0,0,163,73,0,0.03,0.52,0
526,6/18/19,55,6,2017,66,0,5,2,0,0,4,2,0,0,0,0,78,9,0,0.23,0.28,0
527,6/14/19,217,5,2012,51,0,5,2,0,0,4,36,0,0,0,0,74,215,0,0.13,0.13,0
528,6/13/19,151,5,2010,48,1,5,2,1,0,4,17,0,0,0,0,73,235,0,0.03,0.07,0
529,6/11/19,285,5,2012,42,1,5,2,0,0,4,0,0,0,0,0,71,177,0.57,0.2,0.2,0
530,6/10/19,61,5,2012,56,1,3,2,0,0,4,17,0,0,0,0,70,197,0,0.03,0.03,1
531,6/3/19,390,1,2007,38,1,5,2,0,0,4,37,0,0,0,0,63,50,0,0.03,0.18,0
532,6/4/19,241,5,2013,47,1,5,2,1,0,4,0,0,0,0,0,64,23,0,0.3,0.18,0
533,6/3/19,153,5,2013,59,0,1,1,0,0,4,17,0,0,0,0,63,141,0,0.13,0.1,1
534,6/3/19,71,1,2011,59,0,5,2,0,0,4,0,0,0,0,0,63,52,0,0,0.02,0
535,5/31/19,180,5,2013,46,0,5,2,0,0,4,3,0,0,0,0,60,68,0,0.03,0.07,0
536,5/31/19,53,6,2017,57,1,5,2,1,0,4,6,0,0,0,0,60,9,0.14,0.1,0.1,0
537,5/17/19,27,5,2012,64,1,5,2,0,0,4,34,0,0,0,0,46,19,0,0.27,0.17,0
538,5/26/19,115,4,2016,50,1,2,2,0,0,4,0,0,0,0,0,55,84,0,0.03,0.07,1
539,5/23/19,156,5,2012,49,1,4,2,0,0,4,35,0,0,0,0,52,264,0.14,0.07,0.1,1
540,5/26/19,237,5,2012,54,1,3,1,0,0,4,3,0,0,0,0,55,53,0,0,0.02,1
541,5/24/19,119,3,2016,56,1,5,1,1,0,4,0,0,0,0,0,53,103,0.14,0.47,0.37,0
542,5/23/19,373,5,2012,30,1,4,2,0,0,4,0,0,0,0,0,52,46,0.14,0.2,0.23,1
543,5/22/19,52,5,2012,60,1,4,1,0,0,4,21,0,0,0,0,51,178,0,0,0,1
544,5/19/19,125,6,2017,68,1,4,2,5,5,4,13,0,0,0,0,48,50,0.14,0.03,0.15,1
545,5/17/19,66,1,2011,60,1,1,1,0,0,4,0,0,0,0,0,46,14,0,0.03,0.02,1
546,5/17/19,225,5,2012,42,1,6,2,0,0,4,3,0,0,0,0,46,145,0,0.07,0.03,0
547,5/16/19,414,1,2007,39,0,5,2,0,0,4,6,0,0,0,0,45,0,0,0,0,0
548,5/16/19,213,1,2007,61,1,5,2,0,0,4,18,0,0,0,0,45,70,0.14,0.07,0.05,0
549,5/15/19,419,1,2009,37,0,5,2,1,5,4,0,0,0,0,0,44,0,0.14,0.3,0.18,0
550,5/13/19,298,5,2013,48,1,3,2,5,5,4,6,0,0,0,0,42,99,0.14,0.2,0.25,0
551,5/9/19,214,6,2017,60,1,5,2,0,0,4,0,0,0,0,0,38,172,0,0,0.02,1
552,5/7/19,177,6,2017,54,0,5,2,0,0,4,0,0,0,0,0,36,261,0,0,0.05,0
553,5/7/19,276,1,2009,41,1,6,2,1,0,4,23,0,0,0,0,36,79,0,0.03,0.03,0
554,5/7/19,379,1,2011,29,1,5,2,5,5,4,0,0,0,0,0,36,44,0.14,0.07,0.27,0
555,5/3/19,285,3,2016,42,1,0,2,1,5,4,8,0,0,0,0,32,138,0,0.1,0.07,1
556,5/3/19,217,1,2007,50,0,5,2,5,5,4,0,0,0,0,0,32,173,0.29,0.1,0.5,0
557,5/2/19,270,1,2011,55,1,5,2,1,0,4,17,0,0,0,0,31,179,0,0,0.05,1
558,4/30/19,211,5,2012,41,1,4,2,0,0,4,20,0,0,0,0,29,47,0,0.07,0.12,0
559,4/27/19,367,5,2012,35,1,1,1,1,0,4,33,0,0,0,0,26,28,0.14,0.13,0.15,1
560,4/26/19,214,5,2013,60,1,5,2,5,5,4,0,0,0,0,0,25,159,0,0,0.02,1
561,4/26/19,242,3,2016,52,1,5,2,5,5,4,0,0,0,0,0,25,194,0,0.07,0.08,0
562,4/24/19,55,2,2011,66,0,0,2,0,0,4,0,0,0,0,0,23,143,0.57,0.17,0.12,1
563,4/22/19,61,5,2013,56,1,4,2,0,0,4,6,0,0,0,0,21,148,0,0.03,0.03,1
564,4/22/19,38,3,2016,59,1,5,2,0,0,4,0,0,0,0,0,21,64,0.43,0.2,0.13,0
565,4/15/19,57,4,2016,62,1,5,2,0,0,4,0,0,0,0,0,14,50,0,0,0.13,0
566,4/21/19,239,3,2016,46,1,5,2,1,0,4,0,0,0,0,0,20,147,0,0.03,0.07,0
567,4/19/19,405,1,2009,48,0,5,2,5,5,4,30,0,0,0,0,18,0,0.14,0.07,0.03,1
568,4/17/19,314,5,2012,26,1,5,2,0,0,4,10,0,0,0,0,16,10,0,0.2,0.15,0
569,4/17/19,342,5,2013,52,1,5,2,0,0,4,0,0,0,0,0,16,10,0.29,0.47,0.27,1
570,4/15/19,425,6,2017,35,1,5,2,0,0,4,0,0,0,0,0,14,0,0,0,0,1
571,4/15/19,331,3,2016,34,1,5,2,1,0,4,20,0,0,0,0,14,197,0,0,0,1
572,4/11/19,286,5,2013,61,1,4,2,0,0,4,0,0,0,0,0,10,207,0,0.1,0.05,0
573,4/8/19,144,5,2013,57,1,5,1,0,0,4,0,0,0,0,0,7,1,0.14,0.03,0.05,1
574,4/8/19,139,5,2016,63,1,5,2,1,0,4,19,0,0,0,0,7,9,0,0.2,0.13,0
575,3/28/19,114,5,2012,62,0,5,1,0,0,4,6,0,0,0,0,80,25,0.29,0.37,0.3,0
576,3/27/19,158,1,2009,48,1,5,2,0,0,4,20,0,0,0,0,79,10,0,0.47,0.27,1
577,3/23/19,239,6,2017,46,1,6,2,0,0,4,9,0,0,0,0,75,118,0,0.1,0.05,0
578,3/19/19,76,1,2005,52,1,5,2,0,0,4,0,0,0,0,0,71,142,0,0.1,0.07,1
579,3/19/19,200,1,2009,53,0,2,2,0,4,4,0,0,0,0,0,71,65,0.29,0.13,0.13,0
580,3/17/19,381,3,2016,37,0,5,2,0,0,4,17,0,0,0,0,69,0,0.14,0.2,0.2,1
581,3/13/19,282,1,2007,56,0,5,2,1,0,4,6,0,0,0,0,65,143,0,0,0.02,1
582,3/11/19,401,3,2016,30,1,4,2,0,0,4,0,0,0,0,0,63,0,0.43,0.27,0.2,0
583,3/8/19,411,1,2009,31,1,5,2,0,0,4,6,0,0,0,0,60,0,0,0,0,1
584,3/3/19,390,5,2013,37,1,5,1,7,5,4,1,0,0,0,0,55,0,0,0.03,0.02,1
585,3/1/19,76,5,2013,52,1,5,1,1,5,4,6,0,0,0,0,53,124,0,0.03,0.02,0
586,2/28/19,308,1,2011,52,1,5,2,7,3,4,0,0,0,0,0,52,158,0,0,0.08,0
587,2/26/19,32,2,2011,63,0,5,2,0,0,4,3,0,0,0,0,50,2,0.86,0.4,0.6,1
588,2/25/19,348,6,2017,29,1,5,2,1,4,4,1,0,0,0,0,49,1,0.86,0.23,0.15,0
589,2/21/19,199,5,2012,45,0,5,2,1,0,4,33,0,0,0,0,45,81,0.14,0.23,0.22,0
590,2/19/19,279,4,2016,39,0,4,2,1,5,4,3,0,0,0,0,169,114,0.14,0.13,0.17,0
591,2/12/19,218,3,2016,46,0,4,2,7,3,4,0,0,0,0,0,36,198,0.14,0.13,0.12,1
592,2/13/19,285,1,2011,42,1,5,2,4,1,4,6,0,0,0,0,37,59,0,0,0.05,1
593,2/12/19,37,3,2016,55,0,5,2,0,0,4,0,0,0,0,0,36,44,0,0.1,0.22,1
594,2/7/19,29,1,2011,50,1,5,2,3,1,4,17,0,0,0,0,31,36,0,0.03,0.18,0
595,2/7/19,162,5,2012,44,0,5,1,3,1,4,16,0,0,0,0,31,81,0.29,0.27,0.35,1
596,2/5/19,214,5,2011,60,1,5,2,5,5,4,20,0,0,0,0,29,79,0.14,0.1,0.07,0
597,2/3/19,397,3,2016,35,1,3,2,0,0,4,0,0,0,0,0,27,0,0,0,0.02,1
598,2/1/19,388,5,2013,29,1,5,2,0,2,4,6,0,0,0,0,25,0,0.14,0.17,0.17,1
599,1/31/19,131,5,2012,58,1,5,2,7,4,4,0,0,0,0,0,24,38,0,0,0.02,0
600,1/29/19,319,5,2016,44,1,5,2,0,0,4,6,0,0,0,0,22,93,0.43,0.2,0.17,1
601,1/28/19,402,2,2011,40,0,5,1,0,0,4,13,0,0,0,0,21,0,0,0.03,0.02,1
602,1/27/19,273,5,2012,59,0,5,2,0,3,4,14,0,0,0,0,20,154,0.14,0.27,0.28,0
603,1/26/19,367,5,2013,35,1,1,2,4,0,4,0,0,0,0,0,19,62,0,0.03,0.05,0
604,1/25/19,289,5,2012,52,1,5,2,0,0,4,12,0,0,0,0,18,159,0.14,0.03,0.07,1
605,1/24/19,73,1,2009,62,1,5,2,7,4,4,4,0,0,0,0,17,53,0,0.13,0.2,1
606,1/23/19,165,5,2013,62,1,5,1,0,5,4,0,0,0,0,0,16,122,0,0,0.08,1
607,1/23/19,128,5,2012,56,1,4,2,5,5,4,3,0,0,0,0,16,80,0,0.2,0.15,1
608,1/22/19,2,6,2017,73,1,5,2,0,0,4,6,0,0,0,0,15,12,0,0.3,0.18,1
609,1/20/19,400,5,2012,35,1,1,2,7,4,4,20,0,0,0,0,13,0,0,0.07,0.1,1
610,1/16/19,414,1,2009,39,0,5,2,0,1,4,0,0,0,0,0,9,0,0,0,0,0
611,1/16/19,55,1,2009,65,0,5,2,0,0,4,0,0,0,0,0,9,45,0,0,0.13,0
612,1/7/19,279,1,2009,39,0,5,2,0,0,4,0,0,0,0,0,126,71,0,0.37,0.68,0
613,1/11/19,83,1,2011,50,1,5,2,0,0,4,0,0,0,0,0,4,47,0.14,0.07,0.17,1
614,1/11/19,249,5,2012,43,1,5,2,0,0,4,20,0,0,0,0,4,194,0,0.1,0.15,1
615,1/11/19,236,5,2013,59,1,5,0,0,0,4,0,0,0,0,0,4,17,0,0.03,0.07,1
616,1/9/19,296,5,2013,49,0,5,2,7,5,4,6,0,0,0,0,2,143,0.29,0.2,0.17,0
617,1/9/19,120,1,2005,51,0,5,2,5,5,4,6,0,0,0,0,2,45,0,0.03,0.18,0
618,1/7/19,53,5,2012,56,1,5,3,1,1,4,33,0,0,0,0,126,128,0,0.07,0.12,0
619,1/7/19,385,5,2012,37,0,5,2,1,0,4,17,0,0,0,0,126,0,0,0,0,1
620,1/2/19,314,3,2016,25,1,1,2,0,0,4,0,0,0,0,0,121,185,0,0.03,0.02,0
621,8/23/18,103,6,2017,59,1,5,2,1,0,4,9,0,0,0,0,59,102,0,0,0.02,0
622,8/23/18,128,5,2012,56,1,5,2,0,0,4,6,0,0,0,0,59,11,0,0.63,0.37,0
623,8/21/18,400,1,2011,35,1,5,2,0,0,4,7,0,0,0,0,57,0,0,0.13,0.08,0
624,8/20/18,174,5,2012,46,1,5,2,0,0,4,16,0,0,0,0,56,29,0.14,0.1,0.17,0
625,8/20/18,359,3,2016,47,1,5,2,0,0,4,24,0,0,0,0,56,99,0,0.03,0.02,1
626,8/14/18,59,5,2012,56,0,5,2,1,5,4,19,0,0,0,0,50,37,0,0.27,0.3,0
627,8/10/18,193,5,2012,41,0,1,2,0,0,4,0,0,0,0,0,46,12,0,0.27,0.23,0
628,8/7/18,107,3,2016,50,0,5,2,5,5,4,15,0,0,0,0,43,86,0.43,0.27,0.15,1
629,8/7/18,371,1,2011,57,1,5,2,5,5,4,6,0,0,0,0,43,0,0,0,0.03,0
630,8/6/18,58,1,2011,54,1,4,1,0,0,4,6,0,0,0,0,42,1,0.86,0.7,0.83,0
631,7/27/18,117,1,2007,53,0,5,2,0,0,4,6,0,0,0,0,32,138,0.14,0.13,0.5,0
632,8/4/18,392,1,2009,39,0,5,2,0,0,4,0,0,0,0,0,40,0,0.14,0.3,0.3,0
633,8/3/18,388,5,2012,28,1,5,1,0,0,4,0,0,0,0,0,39,0,0,0.07,0.08,1
634,8/3/18,350,1,2009,48,0,5,2,0,0,4,0,0,0,0,0,39,82,0.14,0.07,0.03,0
635,8/2/18,288,1,2009,48,1,5,2,0,0,4,0,0,0,0,0,38,81,0,0.1,0.07,1
636,8/1/18,54,3,2016,53,1,5,2,0,0,4,6,0,0,0,0,37,24,0,0.3,0.32,1
637,7/27/18,290,2,2011,54,1,5,2,0,0,4,0,0,0,0,0,32,306,0,0.07,0.03,1
638,7/27/18,241,5,2013,46,1,5,2,0,0,4,0,0,0,0,0,32,25,0,0.27,0.2,0
639,7/26/18,298,5,2018,47,1,5,2,0,0,4,6,0,0,0,0,31,25,0,0.27,0.27,0
640,7/20/18,412,5,2013,28,1,5,2,0,0,4,0,0,0,0,0,25,0,0,0,0,1
641,7/17/18,411,5,2013,30,1,1,1,0,0,4,33,0,0,0,0,22,0,0,0,0,1
642,7/13/18,355,5,2018,41,1,5,2,0,0,4,0,0,0,0,0,18,180,0.29,0.07,0.1,0
643,7/12/18,248,5,2012,63,1,5,2,0,0,4,2,0,0,0,0,17,0,0,0.27,0.13,1
644,7/10/18,283,5,2013,41,1,5,2,0,0,4,0,0,0,0,0,15,9,0.14,0.3,0.18,0
645,5/24/18,289,3,2016,51,1,4,2,0,0,5,13,0,0,0,0,52,46,0.29,0.1,0.17,0
646,4/20/18,13,5,2012,56,1,5,2,0,0,1,0,0,0,0,0,18,103,0.14,0.13,0.12,1
647,3/26/18,60,1,2011,63,0,5,2,0,0,5,26,0,0,0,0,84,99,0,0.03,0.02,0
648,3/26/18,83,1,2007,49,1,4,2,0,0,5,1,0,0,0,0,84,29,0,0.53,0.43,1
649,2/16/18,213,5,2013,59,1,5,1,0,0,0,0,0,0,0,0,46,103,0,0,0.02,1
650,12/30/18,331,5,2016,33,1,5,0,4,2,4,0,0,0,0,0,118,91,0,0.23,0.27,1
651,12/30/18,310,3,2016,33,0,1,2,1,5,4,17,0,0,0,0,118,182,0,0.03,0.13,0
652,12/30/18,254,3,2016,40,1,5,1,7,4,4,17,0,0,0,0,118,140,0,0,0.03,0
653,12/27/18,388,5,2012,28,1,5,0,0,0,4,36,0,0,0,0,115,0,0.29,0.17,0.18,0
654,12/17/18,46,2,2011,59,0,5,2,0,0,4,0,0,0,0,0,105,1,0.86,0.53,0.38,1
655,12/17/18,318,5,2012,47,1,5,1,0,5,4,3,0,0,0,0,105,71,0,0.03,0.07,1
656,12/7/18,342,3,2016,52,1,5,2,0,0,4,0,0,0,0,0,95,187,0.14,0.07,0.08,0
657,12/11/18,193,1,2009,42,0,5,1,0,0,4,0,0,0,0,0,99,9,0.29,0.33,0.17,0
658,12/11/18,195,5,2012,64,1,5,0,0,0,4,0,0,0,0,0,99,5,0.14,0.13,0.1,0
659,12/10/18,351,5,2013,24,0,0,2,0,0,4,31,0,0,0,0,98,211,0.14,0.1,0.1,0
660,12/9/18,337,5,2011,32,1,5,0,4,0,4,26,0,0,0,0,97,63,0.14,0.13,0.17,1
661,12/7/18,332,5,2012,42,1,4,0,0,0,4,37,0,0,0,0,95,54,0,0,0.12,0
662,12/7/18,323,5,2013,43,1,1,2,0,5,4,6,0,0,0,0,95,0,0.14,0.07,0.1,1
663,12/7/18,194,5,2012,49,1,5,2,0,5,4,3,0,0,0,0,95,61,0,0.1,0.12,0
664,12/7/18,403,6,2017,38,0,5,2,0,5,4,0,0,0,0,0,95,0,0,0,0.03,0
665,12/6/18,27,1,2009,63,1,4,2,0,0,4,16,0,0,0,0,94,10,0.29,0.23,0.17,1
666,12/6/18,227,5,2012,46,1,5,2,0,0,4,6,0,0,0,0,94,32,0.29,0.13,0.25,1
667,12/4/18,338,3,2016,37,1,5,2,0,0,4,0,0,0,0,0,92,23,0,0.23,0.13,0
668,12/4/18,228,4,2016,46,1,5,2,0,5,4,0,0,0,0,0,92,114,0.14,0.1,0.08,0
669,12/4/18,199,1,2007,45,0,4,2,7,1,4,17,0,0,0,0,92,2,0.71,0.5,0.37,0
670,12/4/18,83,5,2013,50,1,3,2,1,0,4,0,0,0,0,0,92,9,0,0.3,0.18,1
671,12/2/18,398,5,2011,36,1,6,1,5,5,4,0,0,0,0,0,90,0,0.14,0.07,0.05,0
672,11/28/18,218,6,2017,46,0,5,2,0,0,4,34,0,0,0,0,86,122,0,0.17,0.15,1
673,11/28/18,324,1,2007,40,1,5,1,7,3,4,6,0,0,0,0,86,31,0,0,0.12,1
674,11/27/18,26,5,2012,69,0,5,2,7,5,4,0,0,0,0,0,85,149,0,0,0,0
675,11/26/18,394,1,2007,37,1,5,2,0,0,4,13,0,0,0,0,84,0,0.14,0.13,0.18,0
676,11/26/18,218,1,2009,46,0,5,2,5,5,4,14,0,0,0,0,84,120,0,0.17,0.15,1
677,11/23/18,319,1,2007,44,1,5,0,0,0,4,0,0,0,0,0,81,26,0,0.13,0.15,1
678,11/20/18,114,1,2007,62,0,5,2,0,0,4,6,0,0,0,0,78,16,0,0.33,0.25,1
679,11/15/18,167,5,2010,57,1,5,2,0,0,4,21,0,0,0,0,73,71,0,0.03,0.08,0
680,11/15/18,205,1,2009,58,1,5,2,0,0,4,33,0,0,0,0,73,88,0,0,0,1
681,11/15/18,132,1,2009,45,1,5,2,0,0,4,15,0,0,0,0,73,298,0.29,0.1,0.12,1
682,11/13/18,238,4,2016,65,1,3,4,0,0,4,0,0,0,0,0,71,79,0.14,0.17,0.22,1
683,11/12/18,323,1,2011,43,1,2,0,1,2,4,6,0,0,0,0,70,0,0,0.1,0.12,1
684,11/9/18,294,5,2013,54,1,5,4,1,5,4,17,0,0,0,0,67,0,0,0.07,0.03,0
685,11/6/18,131,1,2011,58,1,5,2,0,5,4,23,0,0,0,0,64,14,0,0.07,0.18,1
686,11/5/18,283,6,2017,41,1,3,2,5,5,4,3,0,0,0,0,63,127,0,0.2,0.18,0
687,11/5/18,157,5,2013,45,1,5,2,5,5,4,3,0,0,0,0,63,106,0,0.07,0.05,0
688,11/3/18,381,6,2017,37,0,5,2,1,0,4,3,0,0,0,0,61,0,0.29,0.17,0.2,1
689,10/29/18,87,5,2013,45,0,5,2,1,0,4,0,0,0,0,0,301,113,0.43,0.27,0.6,0
690,10/28/18,393,1,2009,38,0,5,2,1,0,4,6,0,0,0,0,55,0,0,0.07,0.1,1
691,10/26/18,340,5,2012,32,1,5,2,0,0,4,6,0,0,0,0,53,243,0.43,0.23,0.17,0
692,10/24/18,86,1,2009,45,1,5,2,5,5,4,6,0,0,0,0,51,80,0,0.07,0.08,0
693,10/23/18,242,1,2009,52,1,4,2,0,0,4,21,0,0,0,0,50,9,0.14,0.33,0.32,0
694,10/22/18,73,1,2007,62,1,5,2,1,0,4,6,0,0,0,0,49,1,0.86,0.3,0.2,0
695,10/20/18,356,6,2017,48,1,4,2,0,0,4,17,0,0,0,0,47,55,0,0.13,0.17,0
696,10/17/18,367,5,2012,35,1,4,2,0,0,4,0,0,0,0,0,44,0,0.14,0.07,0.05,0
697,10/16/18,223,5,2013,36,0,5,2,1,0,4,31,0,0,0,0,43,9,0,0.27,0.18,0
698,10/13/18,399,3,2016,30,0,5,1,5,5,4,3,0,0,0,0,40,0,0,0,0.05,0
699,10/9/18,368,1,2007,48,0,5,2,0,0,4,31,0,0,0,0,36,0,0.14,0.17,0.12,0
700,10/8/18,276,5,2013,40,1,5,2,1,0,4,0,0,0,0,0,35,43,0,0.07,0.15,0
701,10/8/18,230,5,2013,49,1,5,2,0,0,4,15,0,0,0,0,35,37,0,0.1,0.18,1
702,10/4/18,214,5,2012,60,1,5,2,0,0,4,0,0,0,0,0,31,33,0,0.03,0.12,0
703,10/4/18,139,1,2011,62,1,4,2,0,0,4,0,0,0,0,0,31,67,0,0,0.03,0
704,10/4/18,101,5,2013,51,1,5,1,0,0,4,0,0,0,0,0,31,95,0,0.03,0.03,1
705,10/1/18,267,1,2007,51,1,5,2,0,0,4,0,0,0,0,0,28,141,0,0.03,0.03,1
706,10/1/18,388,3,2016,28,1,5,2,5,5,4,13,0,0,0,0,28,0,0,0,0.1,0
707,9/30/18,361,3,2016,49,1,3,2,2,0,4,13,0,0,0,0,27,0,0.14,0.03,0.03,1
708,9/29/18,292,5,2013,31,0,3,2,0,0,4,0,0,0,0,0,26,34,0.14,0.2,0.23,1
709,9/26/18,302,5,2013,39,0,5,2,5,5,4,0,0,0,0,0,23,87,0,0.07,0.08,0
710,9/25/18,40,5,2013,57,0,5,2,5,5,4,8,0,0,0,0,22,114,0.57,0.77,0.88,0
711,9/21/18,1,5,2011,69,1,5,2,0,0,4,21,0,0,0,0,18,2,0.14,0.03,0.1,0
712,9/20/18,45,6,2017,56,0,5,2,0,0,4,36,0,0,0,0,17,74,0.14,0.1,0.07,0
713,9/20/18,222,5,2013,68,1,5,2,0,0,4,35,0,0,0,0,17,25,0,0.2,0.15,1
714,9/18/18,402,5,2013,40,0,5,2,0,0,4,0,0,0,0,0,15,0,0,0,0,0
715,9/18/18,305,1,2009,47,0,5,2,0,0,4,0,0,0,0,0,15,93,0.14,0.07,0.15,1
716,9/14/18,404,1,2007,43,0,5,2,0,0,4,6,0,0,0,0,11,0,0,0.03,0.02,0
717,9/14/18,214,1,2009,60,1,5,1,0,0,4,33,0,0,0,0,11,13,0,0.2,0.22,1
718,9/13/18,137,5,2013,62,0,5,2,0,0,4,6,0,0,0,0,10,17,0.14,0.3,0.17,1
719,9/13/18,40,5,2013,57,0,5,2,0,0,4,6,0,0,0,0,10,102,0.86,0.93,0.97,0
720,9/12/18,329,1,2009,39,1,5,2,1,0,4,0,0,0,0,0,9,87,0,0.03,0.13,0
721,9/11/18,189,5,2012,62,1,5,2,1,0,4,0,0,0,0,0,8,2,0.71,0.43,0.27,0
722,9/10/18,375,6,2017,28,1,5,2,1,5,4,25,0,0,0,0,7,0,0,0.03,0.03,1
723,9/10/18,398,5,2013,36,1,0,2,5,5,4,20,0,0,0,0,7,0,0,0.13,0.22,1
724,9/8/18,335,3,2016,54,1,4,2,0,0,4,0,0,0,0,0,5,83,0.14,0.17,0.08,1
725,9/7/18,342,1,2009,52,1,5,2,0,0,4,0,0,0,0,0,4,96,0,0.07,0.05,1
726,9/5/18,179,1,2011,42,0,5,2,1,0,4,0,0,0,0,0,2,24,0.14,0.4,0.3,0
727,8/30/18,359,1,2011,47,1,5,2,0,0,4,6,0,0,0,0,66,109,0,0.03,0.03,0
728,8/29/18,61,5,2013,55,1,6,2,5,5,4,0,0,0,0,0,65,24,0,0.2,0.28,0
729,8/28/18,336,5,2012,51,0,5,2,0,0,4,6,0,0,0,0,64,297,0.43,0.13,0.08,1
730,8/28/18,118,5,2012,55,1,1,2,0,0,4,6,0,0,0,0,64,16,0,0.23,0.27,0
731,8/27/18,92,3,2016,62,1,5,2,1,0,4,0,0,0,0,0,63,15,0.14,0.43,0.27,0
732,8/23/18,272,1,2011,47,1,4,2,0,0,4,3,0,0,0,0,59,53,0.29,0.07,0.13,0
733,6/21/17,299,5,2010,50,1,5,2,0,0,4,0,0,0,0,0,79,157,0,0.03,0.03,1
734,4/14/17,66,2,2011,58,1,5,1,0,0,5,28,0,0,0,0,11,110,0,0,0.08,0