,accident_date,operator_id,days_pick_start,days_absent,days_excused,days_holiday,days_late,days_medical,days_vacation,days_last_accident,days_employment,freq_absence_one_week,freq_extra_one_week,freq_absence_one_month,freq_extra_one_month,freq_absence_two_month,freq_extra_two_month,accident_type
0,2016-04-20,1,16,-1,-1,-1,-1,-1,-1,-1,16,0.0,0.29,0.0,0.18,0.0,0.18,0
1,2017-01-03,1,1,55,145,-1,-1,-1,9,258,274,0.0,0.14,0.7,0.03,0.62,0.07,1
2,2018-06-11,1,70,5,11,381,452,389,64,524,798,0.14,0.0,0.1,0.1,0.1,0.12,0
3,2018-09-21,1,18,107,37,483,554,491,2,102,900,0.14,0.0,0.03,0.03,0.1,0.02,0
4,2017-05-05,2,32,85,134,-1,337,-1,46,-1,396,0.0,0.0,0.0,0.03,0.12,0.02,0
5,2019-01-22,2,15,64,20,-1,964,-1,12,627,1023,0.0,0.14,0.3,0.07,0.18,0.03,1
6,2017-09-27,5,23,83,243,107,-1,374,31,-1,541,0.0,0.0,0.0,0.03,0.13,0.08,0
7,2016-10-04,7,28,68,20,-1,-1,4,9,-1,183,0.14,0.0,0.33,0.03,0.3,0.03,0
8,2016-09-16,9,81,-1,20,-1,-1,-1,54,-1,165,0.0,0.0,0.03,0.07,0.12,0.08,1
9,2016-12-07,10,92,26,2,192,-1,56,3,-1,247,0.71,0.0,0.37,0.13,0.23,0.08,0
10,2016-10-03,12,27,4,56,-1,119,-1,8,-1,182,0.29,0.0,0.73,0.0,0.48,0.05,1
11,2017-05-20,12,47,33,59,-1,348,90,237,229,411,0.0,0.0,0.0,0.0,0.05,0.02,0
12,2017-08-22,12,57,30,153,-1,442,184,2,94,505,0.71,0.0,0.93,0.0,0.6,0.0,0
13,2018-03-14,12,72,25,38,123,646,388,206,204,709,0.0,0.0,0.03,0.0,0.13,0.0,0
14,2018-03-19,12,77,30,43,128,651,393,211,5,714,0.0,0.0,0.0,0.0,0.1,0.0,1
15,2018-01-30,13,29,46,8,220,253,606,23,-1,666,0.0,0.0,0.3,0.0,0.2,0.02,0
16,2018-04-20,13,18,9,3,52,333,686,103,80,746,0.14,0.0,0.13,0.0,0.12,0.02,1
17,2016-07-22,16,25,-1,27,-1,-1,-1,33,-1,109,0.0,0.0,0.03,0.0,0.13,0.0,0
18,2016-11-10,17,65,21,10,96,-1,-1,11,-1,220,0.0,0.0,0.3,0.0,0.18,0.0,0
19,2017-07-31,18,35,150,7,316,-1,15,8,-1,483,0.0,0.0,0.77,0.0,0.85,0.0,1
20,2016-06-27,19,84,34,21,14,-1,-1,-1,-1,84,0.0,0.14,0.07,0.13,0.07,0.13,0
21,2017-05-18,19,45,48,14,339,-1,-1,60,325,409,0.0,0.0,0.03,0.0,0.03,0.0,0
22,2016-04-20,20,16,14,-1,-1,-1,-1,-1,-1,16,0.0,0.0,0.12,0.06,0.12,0.06,0
23,2016-08-30,21,64,29,-1,-1,-1,-1,95,-1,148,0.0,0.0,0.03,0.07,0.03,0.08,0
24,2019-07-23,22,22,2,48,494,-1,-1,65,-1,1205,0.29,0.0,0.07,0.0,0.05,0.0,1
25,2016-04-10,23,6,-1,-1,-1,-1,-1,-1,-1,6,0.0,0.14,0.0,0.14,0.0,0.14,0
26,2016-10-08,23,32,20,10,-1,-1,-1,41,181,187,0.0,0.14,0.2,0.03,0.43,0.03,1
27,2017-03-23,23,80,13,34,161,89,-1,10,166,353,0.0,0.0,0.1,0.03,0.15,0.02,1
28,2016-05-23,24,49,14,35,-1,-1,-1,1,-1,49,0.86,0.0,0.3,0.0,0.24,0.02,0
29,2016-08-23,24,57,106,127,-1,-1,-1,2,92,141,0.71,0.0,0.23,0.0,0.38,0.0,1
30,2016-11-17,24,72,14,9,-1,-1,-1,25,86,227,0.0,0.0,0.27,0.0,0.18,0.03,0
31,2018-04-16,24,14,13,32,120,-1,27,78,515,742,0.0,0.0,0.1,0.0,0.12,0.0,0
32,2017-11-05,26,62,2,155,54,-1,-1,238,-1,580,0.29,0.0,0.07,0.0,0.05,0.0,0
33,2018-03-20,26,78,137,12,189,-1,-1,16,135,715,0.0,0.0,0.57,0.0,0.52,0.02,1
34,2018-11-27,26,85,178,84,76,-1,-1,149,252,967,0.0,0.0,0.0,0.0,0.0,0.0,0
35,2016-08-05,27,39,25,115,-1,-1,-1,41,-1,123,0.0,0.0,0.03,0.0,0.15,0.0,0
36,2016-08-17,27,51,2,127,-1,-1,-1,53,12,135,0.14,0.0,0.03,0.0,0.15,0.0,0
37,2018-12-06,27,94,31,1,24,16,787,10,841,976,0.29,0.0,0.23,0.0,0.17,0.0,1
38,2019-05-17,27,46,30,56,28,178,949,19,162,1138,0.0,0.0,0.27,0.0,0.17,0.0,0
39,2017-09-26,29,22,77,96,282,-1,432,44,-1,540,0.0,0.0,0.0,0.03,0.12,0.07,0
40,2019-02-07,29,31,7,71,781,483,931,36,499,1039,0.0,0.0,0.03,0.0,0.18,0.02,0
41,2017-02-08,30,37,103,1,52,184,-1,12,-1,310,0.29,0.0,0.1,0.0,0.2,0.02,0
42,2017-07-12,30,16,19,20,206,120,127,9,154,464,0.0,0.0,0.13,0.0,0.28,0.0,0
43,2017-08-02,31,37,9,201,72,-1,157,10,-1,485,0.0,0.0,0.5,0.0,0.25,0.0,0
44,2016-06-21,32,78,6,14,30,-1,-1,16,-1,78,0.14,0.0,0.57,0.0,0.4,0.0,1
45,2017-10-25,32,51,2,54,270,-1,164,171,491,569,0.14,0.0,0.03,0.0,0.08,0.0,1
46,2019-02-26,32,50,84,1,394,420,30,2,489,1058,0.86,0.0,0.4,0.03,0.6,0.02,1
47,2016-11-10,34,65,87,7,-1,3,8,53,-1,220,0.14,0.0,0.8,0.0,0.9,0.0,0
48,2016-05-14,35,40,27,17,-1,-1,8,-1,-1,40,0.0,0.0,0.23,0.07,0.17,0.05,0
49,2017-05-11,37,38,65,51,19,-1,2,4,-1,402,0.71,0.0,0.33,0.0,0.25,0.0,1
50,2019-02-12,37,36,11,15,284,-1,25,44,642,1044,0.0,0.0,0.1,0.0,0.22,0.0,1
51,2016-11-01,38,56,8,25,59,-1,85,-1,-1,211,0.0,0.0,0.07,0.0,0.05,0.0,0
52,2019-04-22,38,21,53,26,364,-1,1,64,902,1113,0.43,0.0,0.2,0.0,0.13,0.0,0
53,2019-07-15,38,14,45,6,83,-1,85,29,84,1197,0.14,0.0,0.07,0.0,0.15,0.0,1
54,2016-04-19,39,15,-1,-1,-1,-1,-1,-1,-1,15,0.0,0.0,0.0,0.0,0.0,0.0,0
55,2017-09-27,39,23,40,5,122,-1,77,25,526,541,0.14,0.0,0.23,0.0,0.35,0.02,1
56,2017-12-27,39,114,40,5,213,69,168,52,91,632,0.29,0.0,0.2,0.0,0.23,0.0,1
57,2018-09-13,40,10,130,1,264,-1,3,102,-1,892,0.86,0.0,0.93,0.0,0.97,0.0,0
58,2018-09-25,40,22,6,1,276,-1,15,114,12,904,0.57,0.0,0.77,0.0,0.88,0.0,0
59,2016-07-07,41,10,63,79,-1,-1,-1,39,-1,94,0.0,0.14,0.0,0.13,0.12,0.1,0
60,2016-05-07,42,33,11,-1,-1,-1,-1,-1,-1,33,0.0,0.0,0.03,0.03,0.03,0.03,1
61,2018-04-24,42,22,27,35,331,26,-1,107,717,750,0.0,0.0,0.07,0.03,0.08,0.03,0
62,2016-04-04,43,0,-1,-1,-1,-1,-1,-1,-1,0,0.0,0.0,0.0,0.0,0.0,0.0,0
63,2018-02-28,43,58,49,26,249,197,-1,60,695,695,0.0,0.0,0.03,0.0,0.08,0.0,0
64,2016-07-07,45,10,6,7,47,-1,-1,34,-1,94,0.14,0.0,0.07,0.03,0.07,0.02,1
65,2018-09-20,45,17,99,1,251,97,14,74,805,899,0.14,0.0,0.1,0.03,0.07,0.02,0
66,2018-12-17,46,105,12,10,255,-1,122,1,-1,987,0.86,0.0,0.53,0.0,0.38,0.0,1
67,2018-05-31,47,59,9,2,99,-1,-1,18,-1,787,0.29,0.0,0.63,0.0,0.52,0.0,0
68,2018-02-08,51,38,167,66,68,-1,-1,74,-1,675,0.0,0.0,0.0,0.0,0.0,0.0,0
69,2019-05-22,52,51,264,68,171,-1,-1,178,-1,1143,0.0,0.0,0.0,0.0,0.0,0.0,1
70,2016-09-09,53,3,37,31,152,-1,46,5,-1,158,0.29,0.0,0.23,0.1,0.3,0.12,0
71,2017-09-21,53,17,103,27,164,-1,423,1,377,535,0.14,0.0,0.13,0.03,0.32,0.03,0
72,2018-01-18,53,17,222,49,283,-1,542,53,119,654,0.0,0.0,0.0,0.0,0.13,0.0,1
73,2018-04-17,53,15,31,62,372,12,631,41,89,743,0.0,0.0,0.03,0.03,0.07,0.02,1
74,2019-01-07,53,126,66,10,36,277,896,128,265,1008,0.0,0.0,0.07,0.0,0.12,0.0,0
75,2019-05-31,53,60,4,24,51,421,1040,9,144,1152,0.14,0.14,0.1,0.03,0.1,0.02,0
76,2017-05-25,54,52,7,16,11,-1,-1,151,-1,416,0.0,0.0,0.17,0.0,0.1,0.0,0
77,2018-08-01,54,37,9,41,79,-1,-1,24,433,849,0.0,0.0,0.3,0.0,0.32,0.0,1
78,2018-02-01,55,31,26,134,-1,-1,13,60,-1,668,0.0,0.0,0.2,0.0,0.1,0.0,0
79,2019-01-16,55,9,36,483,249,-1,307,45,349,1017,0.0,0.0,0.0,0.0,0.13,0.0,0
80,2019-04-24,55,23,3,85,45,9,405,143,98,1115,0.57,0.0,0.17,0.0,0.12,0.0,1
81,2019-06-18,55,78,58,140,37,64,460,9,55,1170,0.0,0.0,0.23,0.0,0.28,0.0,0
82,2016-06-16,56,73,64,-1,-1,-1,-1,4,-1,73,0.43,0.0,0.23,0.0,0.12,0.0,1
83,2017-12-04,56,91,332,77,19,-1,-1,43,536,609,0.0,0.0,0.03,0.0,0.13,0.0,0
84,2018-04-06,56,4,455,200,142,-1,-1,23,123,732,0.0,0.0,0.03,0.0,0.03,0.0,1
85,2019-04-15,57,14,108,33,154,129,409,50,-1,1106,0.0,0.0,0.0,0.07,0.13,0.03,0
86,2017-06-27,58,1,19,4,278,104,8,23,-1,449,0.14,0.0,0.57,0.0,0.47,0.0,0
87,2018-08-06,58,42,8,25,683,509,26,1,405,854,0.86,0.0,0.7,0.0,0.83,0.0,0
88,2016-08-03,59,37,16,78,-1,-1,27,-1,-1,121,0.0,0.0,0.17,0.03,0.55,0.02,0
89,2017-02-11,59,40,8,21,-1,-1,219,11,192,313,0.0,0.0,0.27,0.0,0.23,0.0,1
90,2017-04-26,59,23,72,6,-1,-1,15,71,74,387,0.14,0.0,0.17,0.0,0.12,0.02,0
91,2018-02-01,59,31,37,48,125,-1,8,13,281,668,0.0,0.0,0.37,0.0,0.28,0.0,1
92,2018-08-14,59,50,36,138,319,-1,7,37,194,862,0.0,0.0,0.27,0.0,0.3,0.0,0
93,2016-05-05,60,31,-1,-1,-1,-1,-1,-1,-1,31,0.0,0.0,0.0,0.0,0.0,0.0,0
94,2017-11-13,60,70,17,77,-1,-1,108,64,557,588,0.0,0.0,0.03,0.0,0.03,0.0,0
95,2018-03-26,60,84,150,10,-1,-1,77,99,133,721,0.0,0.0,0.03,0.0,0.02,0.0,0
96,2018-08-29,61,65,124,118,264,-1,33,24,-1,877,0.0,0.0,0.2,0.0,0.28,0.0,0
97,2019-04-22,61,21,68,46,120,-1,14,148,236,1113,0.0,0.0,0.03,0.0,0.03,0.0,1
98,2019-06-10,61,70,117,95,169,-1,16,197,49,1162,0.0,0.0,0.03,0.0,0.03,0.0,1
99,2017-05-18,62,45,8,143,-1,177,-1,179,-1,409,0.0,0.0,0.03,0.0,0.03,0.0,1
100,2017-06-20,62,78,41,21,-1,210,-1,1,33,442,0.29,0.0,0.33,0.0,0.18,0.0,1
101,2019-07-01,62,91,18,14,-1,164,670,6,741,1183,0.14,0.0,0.17,0.0,0.2,0.02,1
102,2016-05-09,63,35,13,-1,-1,-1,-1,-1,-1,35,0.0,0.0,0.07,0.0,0.06,0.0,1
103,2017-09-19,63,15,217,35,-1,-1,-1,2,498,533,0.71,0.0,0.63,0.03,0.33,0.03,0
104,2016-07-01,64,4,-1,73,-1,-1,-1,-1,-1,88,0.0,0.0,0.0,0.0,0.0,0.0,1
105,2017-08-02,64,37,1,57,-1,-1,-1,269,397,485,0.14,0.0,0.03,0.0,0.03,0.0,0
106,2016-07-06,65,9,8,-1,-1,7,71,-1,-1,93,0.0,0.0,0.07,0.0,0.05,0.0,1
107,2016-12-07,65,92,67,70,42,161,225,59,154,247,0.0,0.0,0.0,0.0,0.03,0.0,1
108,2017-04-14,66,11,40,38,-1,356,-1,110,-1,375,0.0,0.0,0.0,0.0,0.08,0.0,0
109,2017-04-28,66,25,54,52,-1,370,-1,5,14,389,0.29,0.0,0.23,0.0,0.17,0.0,0
110,2017-09-06,66,2,102,13,-1,501,-1,17,131,520,0.0,0.0,0.47,0.03,0.27,0.03,1
111,2019-05-17,66,46,128,64,-1,1119,-1,14,618,1138,0.0,0.14,0.03,0.13,0.02,0.1,1
112,2016-07-08,67,11,49,3,-1,-1,-1,5,-1,95,0.43,0.0,0.27,0.0,0.28,0.0,0
113,2016-07-25,68,28,11,46,-1,-1,-1,78,-1,112,0.0,0.14,0.03,0.03,0.07,0.02,0
114,2018-05-27,68,55,59,45,185,-1,-1,7,671,783,0.0,0.0,0.03,0.0,0.05,0.0,0
115,2017-06-19,69,77,27,3,220,68,13,71,-1,441,0.29,0.0,0.27,0.0,0.22,0.0,1
116,2016-05-06,70,32,-1,-1,-1,-1,-1,-1,-1,32,0.0,0.0,0.0,0.07,0.0,0.06,0
117,2017-04-13,70,10,5,3,-1,38,97,256,342,374,0.57,0.0,0.2,0.0,0.13,0.0,1
118,2017-02-27,71,56,26,67,-1,301,-1,85,-1,329,0.0,0.0,0.07,0.0,0.03,0.0,1
119,2019-06-03,71,63,67,66,87,1127,399,52,826,1155,0.0,0.0,0.0,0.03,0.02,0.02,0
120,2019-07-01,71,91,24,6,115,1155,427,80,28,1183,0.14,0.0,0.17,0.0,0.08,0.02,1
121,2017-02-27,73,56,5,-1,-1,-1,291,99,-1,329,0.14,0.0,0.03,0.0,0.02,0.0,0
122,2018-10-22,73,49,12,252,207,-1,893,1,602,931,0.86,0.0,0.3,0.0,0.2,0.0,0
123,2019-01-24,73,17,9,44,301,-1,987,53,94,1025,0.0,0.0,0.13,0.0,0.2,0.0,1
124,2016-12-13,74,98,81,5,162,-1,-1,-1,-1,253,0.29,0.0,0.1,0.0,0.05,0.0,0
125,2017-12-23,74,110,8,17,173,76,-1,293,375,628,0.0,0.0,0.17,0.0,0.17,0.0,0
126,2016-08-29,76,63,45,17,-1,62,-1,50,-1,147,0.0,0.0,0.03,0.0,0.17,0.0,1
127,2016-09-21,76,15,68,40,-1,85,-1,3,23,170,0.57,0.0,0.4,0.0,0.22,0.0,0
128,2017-08-21,76,56,13,35,-1,301,-1,43,334,504,0.0,0.0,0.03,0.0,0.15,0.0,0
129,2018-06-01,76,60,23,39,93,585,-1,62,284,788,0.0,0.0,0.03,0.0,0.07,0.0,0
130,2018-06-18,76,77,40,56,110,602,-1,79,17,805,0.0,0.0,0.0,0.0,0.03,0.0,0
131,2019-03-01,76,53,24,77,109,858,-1,124,256,1061,0.0,0.14,0.03,0.03,0.02,0.02,0
132,2019-03-19,76,71,13,95,127,876,-1,142,18,1079,0.0,0.0,0.1,0.03,0.07,0.02,1
133,2016-10-31,79,55,87,52,-1,24,38,-1,-1,210,0.0,0.0,0.03,0.0,0.08,0.0,0
134,2016-07-05,81,8,21,-1,-1,-1,28,37,-1,92,0.0,0.0,0.13,0.0,0.3,0.0,1
135,2017-01-09,81,7,23,17,118,-1,24,1,188,280,0.86,0.0,0.53,0.0,0.37,0.0,0
136,2017-12-14,81,101,6,29,92,-1,27,95,339,619,0.14,0.0,0.17,0.0,0.18,0.0,0
137,2017-06-06,82,64,21,1,231,-1,-1,44,-1,428,0.57,0.0,0.53,0.0,0.52,0.0,0
138,2019-07-22,82,21,40,10,277,-1,363,1,776,1204,0.86,0.0,0.43,0.0,0.42,0.02,0
139,2016-07-19,83,22,24,91,-1,12,-1,51,-1,106,0.0,0.0,0.07,0.0,0.18,0.0,1
140,2016-07-26,83,29,31,98,-1,4,-1,58,7,113,0.14,0.0,0.07,0.0,0.1,0.0,1
141,2018-03-26,83,84,28,42,-1,529,14,29,608,721,0.0,0.0,0.53,0.0,0.43,0.0,1
142,2018-06-27,83,2,12,47,-1,622,107,31,93,814,0.0,0.0,0.03,0.0,0.15,0.0,1
143,2018-06-29,83,4,14,49,-1,624,109,33,2,816,0.0,0.0,0.03,0.0,0.15,0.0,1
144,2018-12-04,83,92,18,34,98,33,267,9,158,974,0.0,0.0,0.3,0.0,0.18,0.0,1
145,2019-01-11,83,4,56,1,136,23,305,47,38,1012,0.14,0.0,0.07,0.0,0.17,0.0,1
146,2016-07-20,84,23,32,82,-1,-1,-1,17,-1,107,0.0,0.0,0.2,0.0,0.23,0.03,0
147,2016-07-29,84,32,41,91,-1,-1,-1,26,9,116,0.0,0.14,0.13,0.03,0.23,0.03,1
148,2018-01-05,84,4,8,31,443,-1,-1,159,525,641,0.0,0.0,0.07,0.0,0.1,0.0,0
149,2018-01-25,84,24,28,51,463,-1,-1,179,20,661,0.0,0.0,0.07,0.0,0.05,0.0,1
150,2016-06-14,85,71,22,-1,-1,28,-1,-1,-1,71,0.0,0.0,0.07,0.0,0.05,0.03,1
151,2017-02-10,85,39,61,36,-1,269,-1,103,241,312,0.0,0.0,0.0,0.0,0.02,0.02,0
152,2017-06-06,85,64,57,13,-1,71,-1,93,116,428,0.0,0.0,0.07,0.0,0.05,0.0,1
153,2017-09-13,85,9,27,33,-1,170,-1,59,99,527,0.0,0.0,0.03,0.0,0.08,0.0,0
154,2017-10-19,85,45,63,6,-1,206,-1,95,36,563,0.14,0.0,0.03,0.0,0.02,0.0,0
155,2018-01-09,85,8,66,4,-1,288,-1,16,82,645,0.14,0.0,0.27,0.0,0.15,0.02,1
156,2017-03-30,86,87,31,86,-1,-1,-1,200,-1,360,0.0,0.0,0.0,0.0,0.02,0.0,1
157,2018-10-24,86,51,23,7,-1,-1,-1,80,573,933,0.0,0.14,0.07,0.03,0.08,0.02,0
158,2017-09-06,87,2,30,6,-1,-1,86,59,-1,520,0.14,0.0,0.17,0.0,0.28,0.0,1
159,2018-10-29,87,301,4,6,10,417,32,113,418,938,0.43,0.0,0.27,0.0,0.6,0.0,0
160,2016-05-04,88,30,5,6,-1,-1,-1,10,-1,30,0.29,0.0,0.4,0.0,0.39,0.0,0
161,2017-09-18,88,14,140,95,-1,-1,-1,36,502,532,0.0,0.0,0.0,0.03,0.12,0.05,0
162,2018-03-08,88,66,69,6,-1,161,-1,207,171,703,0.14,0.0,0.03,0.0,0.02,0.0,1
163,2017-01-20,92,18,155,67,-1,-1,-1,68,-1,291,0.0,0.0,0.0,0.0,0.0,0.02,1
164,2018-08-27,92,63,41,220,-1,-1,4,15,584,875,0.14,0.0,0.43,0.0,0.27,0.0,0
165,2017-08-29,93,64,44,110,279,-1,-1,23,-1,512,0.0,0.0,0.23,0.0,0.4,0.0,0
166,2017-10-08,93,34,84,150,319,-1,-1,63,40,552,0.0,0.0,0.0,0.0,0.0,0.0,0
167,2018-01-02,93,1,170,5,405,-1,-1,149,86,638,0.14,0.0,0.03,0.0,0.02,0.02,0
168,2016-04-18,94,14,-1,-1,-1,-1,-1,-1,-1,14,0.0,0.0,0.0,0.07,0.0,0.07,0
169,2016-07-15,97,18,7,39,-1,-1,-1,12,-1,102,0.0,0.0,0.23,0.0,0.17,0.0,0
170,2018-01-29,97,28,73,602,274,-1,-1,50,563,665,0.0,0.0,0.0,0.0,0.12,0.0,1
171,2018-10-04,101,31,21,105,-1,-1,34,95,-1,913,0.0,0.0,0.03,0.0,0.03,0.02,1
172,2016-06-20,102,77,10,69,-1,40,-1,42,-1,77,0.0,0.0,0.03,0.0,0.05,0.02,1
173,2016-08-24,103,58,37,8,25,72,-1,-1,-1,142,0.0,0.0,0.2,0.0,0.17,0.0,0
174,2016-10-17,103,41,34,11,79,126,-1,43,54,196,0.0,0.0,0.1,0.0,0.2,0.0,1
175,2016-10-28,103,52,45,1,90,137,-1,54,11,207,0.14,0.0,0.1,0.0,0.18,0.0,0
176,2018-08-23,103,59,41,140,200,413,611,102,664,871,0.0,0.0,0.0,0.03,0.02,0.02,0
177,2016-06-14,105,71,33,4,-1,1,36,-1,-1,71,0.29,0.0,0.07,0.0,0.47,0.0,1
178,2016-11-14,105,69,56,13,59,154,189,60,153,224,0.0,0.0,0.03,0.0,0.05,0.0,1
179,2017-10-13,109,39,94,15,272,519,-1,42,-1,557,0.0,0.0,0.03,0.0,0.13,0.0,0
180,2019-07-24,109,23,180,27,254,419,-1,59,649,1206,0.0,0.0,0.03,0.0,0.05,0.0,0
181,2016-05-03,112,29,-1,-1,-1,-1,-1,-1,-1,29,0.0,0.0,0.0,0.0,0.0,0.0,0
182,2016-06-23,112,80,27,15,-1,-1,-1,4,51,80,0.43,0.0,0.57,0.0,0.28,0.0,0
183,2018-01-12,112,11,38,46,328,-1,10,54,568,648,0.0,0.0,0.6,0.0,0.57,0.0,0
184,2018-06-21,112,80,37,6,123,-1,170,25,160,808,0.14,0.0,0.37,0.0,0.37,0.0,0
185,2017-10-27,114,53,14,25,20,-1,2,61,-1,571,0.14,0.0,0.2,0.0,0.17,0.0,0
186,2018-11-20,114,78,7,25,44,-1,193,16,389,960,0.0,0.0,0.33,0.0,0.25,0.0,1
187,2019-03-28,114,80,50,45,24,-1,2,25,128,1088,0.29,0.0,0.37,0.0,0.3,0.0,0
188,2017-04-06,115,3,22,54,187,180,-1,46,-1,367,0.0,0.0,0.03,0.0,0.15,0.02,0
189,2018-03-06,115,64,13,74,2,514,156,16,334,701,0.14,0.0,0.43,0.0,0.22,0.0,1
190,2019-05-26,115,55,54,12,83,216,602,84,446,1147,0.0,0.0,0.03,0.0,0.07,0.0,1
191,2016-07-26,116,29,11,46,-1,-1,-1,16,-1,113,0.0,0.0,0.37,0.0,0.3,0.0,0
192,2017-10-30,117,56,13,33,163,-1,318,92,-1,574,0.0,0.0,0.1,0.0,0.07,0.0,0
193,2018-07-27,117,32,27,2,130,-1,34,138,270,844,0.14,0.0,0.13,0.0,0.5,0.0,0
194,2019-07-11,117,10,65,36,52,-1,30,18,349,1193,0.0,0.0,0.23,0.0,0.32,0.0,0
195,2016-10-28,118,52,63,28,-1,70,-1,19,-1,207,0.0,0.0,0.27,0.0,0.13,0.0,0
196,2018-04-25,118,23,29,49,333,614,142,199,544,751,0.0,0.0,0.03,0.0,0.12,0.0,0
197,2018-08-28,118,64,50,48,93,739,267,16,125,876,0.0,0.0,0.23,0.0,0.27,0.0,0
198,2017-08-08,119,43,4,6,57,315,-1,16,-1,491,0.29,0.0,0.5,0.0,0.38,0.0,0
199,2018-01-15,119,14,42,3,217,475,-1,97,160,651,0.43,0.0,0.17,0.0,0.23,0.0,1
200,2018-01-17,119,16,44,1,219,477,-1,99,2,653,0.43,0.0,0.17,0.0,0.25,0.0,0
201,2018-02-19,119,49,25,10,252,510,-1,1,33,686,0.86,0.0,0.5,0.0,0.33,0.0,0
202,2019-05-24,119,53,23,3,346,969,390,103,459,1145,0.14,0.0,0.47,0.0,0.37,0.0,0
203,2016-12-28,120,113,27,21,208,-1,-1,94,-1,268,0.0,0.0,0.07,0.0,0.07,0.0,0
204,2017-04-17,120,14,47,10,318,-1,-1,204,110,378,0.0,0.0,0.03,0.0,0.12,0.0,1
205,2019-01-09,120,2,7,79,220,555,-1,45,632,1010,0.0,0.0,0.03,0.0,0.18,0.0,0
206,2017-07-26,121,30,72,33,4,65,107,47,-1,478,0.14,0.0,0.03,0.0,0.08,0.0,1
207,2016-12-21,122,106,12,41,-1,-1,173,66,-1,261,0.0,0.0,0.07,0.0,0.1,0.0,0
208,2017-02-07,123,36,15,4,-1,-1,1,107,-1,309,0.29,0.0,0.33,0.0,0.27,0.0,1
209,2016-07-29,124,32,7,-1,-1,-1,-1,47,-1,116,0.0,0.0,0.03,0.0,0.15,0.0,1
210,2017-10-17,124,43,1,98,133,162,219,2,445,561,0.86,0.0,0.27,0.0,0.15,0.0,0
211,2016-07-18,125,21,1,-1,-1,-1,-1,36,-1,105,0.14,0.0,0.07,0.0,0.17,0.0,1
212,2019-05-19,125,48,38,4,147,341,-1,50,1035,1140,0.14,0.0,0.03,0.0,0.15,0.0,1
213,2019-06-26,127,86,116,117,101,910,458,108,-1,1178,0.0,0.0,0.0,0.0,0.0,0.02,1
214,2016-09-01,128,66,55,6,3,-1,-1,24,-1,150,0.29,0.0,0.27,0.0,0.38,0.0,0
215,2018-04-11,128,9,36,15,151,-1,17,118,587,737,0.0,0.0,0.47,0.0,0.42,0.0,0
216,2018-06-18,128,77,104,3,219,-1,85,186,68,805,0.14,0.0,0.1,0.0,0.08,0.0,1
217,2018-07-06,128,11,14,21,237,-1,103,204,18,823,0.0,0.0,0.17,0.0,0.12,0.0,1
218,2018-08-23,128,59,7,10,285,-1,151,11,48,871,0.0,0.0,0.63,0.0,0.37,0.0,0
219,2019-01-23,128,16,18,7,72,-1,304,80,153,1024,0.0,0.0,0.2,0.0,0.15,0.0,1
220,2018-03-09,131,67,16,161,327,-1,212,19,-1,704,0.0,0.0,0.47,0.0,0.28,0.0,1
221,2018-11-06,131,64,258,104,108,-1,117,14,242,946,0.0,0.0,0.07,0.0,0.18,0.0,1
222,2019-01-31,131,24,344,69,194,-1,203,38,86,1032,0.0,0.0,0.0,0.0,0.02,0.0,0
223,2018-11-15,132,73,5,168,117,-1,17,298,-1,955,0.29,0.0,0.1,0.0,0.12,0.0,1
224,2016-05-25,137,51,-1,22,-1,-1,8,45,-1,51,0.0,0.0,0.07,0.0,0.15,0.0,0
225,2018-09-13,137,10,6,56,163,386,243,17,841,892,0.14,0.0,0.3,0.0,0.17,0.0,1
226,2017-04-25,139,22,7,172,51,-1,-1,163,-1,386,0.0,0.0,0.07,0.0,0.05,0.0,0
227,2018-10-04,139,31,41,42,230,-1,122,67,527,913,0.0,0.0,0.0,0.0,0.03,0.0,0
228,2019-04-08,139,7,131,108,34,-1,308,9,186,1099,0.0,0.0,0.2,0.0,0.13,0.0,0
229,2017-06-08,142,66,8,38,297,-1,-1,34,-1,430,0.0,0.0,0.1,0.0,0.12,0.0,1
230,2019-04-08,144,7,78,33,501,286,120,1,-1,1099,0.14,0.0,0.03,0.0,0.05,0.0,1
231,2016-04-26,146,22,-1,-1,-1,-1,-1,-1,-1,22,0.0,0.0,0.0,0.0,0.0,0.0,1
232,2016-06-14,146,71,34,-1,-1,-1,-1,-1,49,71,0.0,0.0,0.0,0.03,0.02,0.02,0
233,2016-11-22,146,77,26,12,-1,-1,-1,30,161,232,0.0,0.0,0.2,0.0,0.3,0.0,1
234,2017-05-01,147,28,42,3,17,-1,61,190,-1,392,0.14,0.0,0.17,0.0,0.12,0.0,0
235,2017-04-10,148,7,12,101,-1,-1,122,13,-1,371,0.0,0.0,0.1,0.03,0.08,0.02,1
236,2016-10-06,149,30,20,8,136,-1,-1,-1,-1,185,0.0,0.0,0.13,0.0,0.07,0.0,1
237,2017-02-15,149,44,14,29,268,-1,-1,94,132,317,0.0,0.0,0.1,0.0,0.07,0.0,0
238,2016-10-17,150,41,-1,45,-1,-1,-1,57,-1,196,0.0,0.0,0.0,0.0,0.07,0.0,1
239,2017-01-10,150,8,18,11,-1,-1,-1,142,85,281,0.0,0.0,0.17,0.0,0.08,0.02,0
240,2019-07-08,150,7,331,17,-1,-1,-1,1,909,1190,0.14,0.0,0.3,0.0,0.17,0.03,1
241,2017-07-27,151,31,19,22,65,-1,-1,4,-1,479,0.43,0.0,0.6,0.0,0.37,0.0,0
242,2019-06-13,151,73,34,76,21,511,-1,235,686,1165,0.0,0.0,0.03,0.0,0.07,0.0,0
243,2019-06-19,151,79,40,82,27,517,-1,241,6,1171,0.0,0.0,0.03,0.0,0.07,0.0,0
244,2016-06-25,152,82,2,-1,-1,-1,-1,69,-1,82,0.14,0.0,0.03,0.0,0.07,0.0,0
245,2017-02-09,152,38,94,3,119,-1,-1,60,229,311,0.14,0.0,0.13,0.0,0.08,0.0,0
246,2017-11-06,152,63,35,66,24,-1,-1,78,270,581,0.0,0.0,0.03,0.0,0.07,0.0,0
247,2017-10-20,154,46,4,32,412,-1,33,75,-1,564,0.14,0.0,0.03,0.0,0.45,0.0,1
248,2018-03-02,154,60,37,42,545,-1,166,89,133,697,0.0,0.0,0.0,0.0,0.15,0.0,1
249,2017-08-22,156,57,63,62,261,60,-1,23,-1,505,0.0,0.0,0.23,0.0,0.22,0.0,0
250,2019-05-23,156,52,6,71,192,273,-1,264,639,1144,0.14,0.0,0.07,0.0,0.1,0.0,1
251,2017-06-27,157,1,18,196,212,319,-1,23,-1,449,0.0,0.0,0.27,0.0,0.15,0.0,0
252,2017-12-14,157,101,167,18,382,149,-1,11,170,619,0.0,0.0,0.3,0.03,0.17,0.03,0
253,2018-05-10,157,38,6,107,529,40,-1,158,147,766,0.14,0.0,0.03,0.0,0.03,0.0,0
254,2018-11-05,157,63,15,43,102,28,-1,106,179,945,0.0,0.14,0.07,0.03,0.05,0.03,0
255,2017-07-10,158,14,55,10,226,-1,-1,1,-1,462,0.86,0.0,0.3,0.0,0.2,0.0,0
256,2017-11-24,158,81,19,56,13,-1,-1,96,137,599,0.0,0.0,0.17,0.0,0.1,0.0,0
257,2018-01-05,158,4,39,14,55,-1,-1,138,42,641,0.0,0.0,0.03,0.0,0.07,0.0,0
258,2018-06-18,158,77,39,3,219,136,-1,92,164,805,0.14,0.0,0.03,0.0,0.12,0.0,1
259,2019-03-27,158,79,23,54,85,418,-1,10,282,1087,0.0,0.0,0.47,0.0,0.27,0.0,1
260,2018-01-22,160,21,23,4,72,-1,-1,319,-1,658,0.14,0.0,0.13,0.0,0.17,0.0,0
261,2016-12-05,162,90,13,10,150,-1,35,92,-1,245,0.0,0.0,0.13,0.0,0.18,0.0,0
262,2017-10-24,162,50,4,6,473,-1,1,107,323,568,0.43,0.0,0.4,0.0,0.38,0.0,0
263,2019-02-07,162,31,54,4,214,190,3,81,471,1039,0.29,0.0,0.27,0.0,0.35,0.0,1
264,2017-12-22,163,109,61,7,299,224,-1,199,-1,627,0.0,0.14,0.3,0.03,0.17,0.02,1
265,2016-05-27,164,53,42,-1,-1,-1,-1,-1,-1,53,0.0,0.14,0.0,0.03,0.02,0.02,1
266,2017-03-24,164,81,39,64,26,-1,-1,32,301,354,0.0,0.0,0.03,0.0,0.05,0.0,0
267,2017-10-24,164,50,1,25,240,-1,-1,52,214,568,0.14,0.0,0.07,0.0,0.13,0.0,1
268,2018-02-02,165,32,65,7,8,516,-1,131,-1,669,0.0,0.0,0.13,0.0,0.08,0.0,0
269,2018-04-17,165,15,139,19,82,590,-1,205,74,743,0.0,0.0,0.03,0.0,0.03,0.0,0
270,2019-01-23,165,16,49,42,149,871,-1,122,281,1024,0.0,0.0,0.0,0.0,0.08,0.0,1
271,2017-08-18,166,53,7,234,19,-1,-1,26,-1,501,0.0,0.0,0.27,0.0,0.43,0.0,0
272,2018-03-14,166,72,33,110,45,-1,-1,234,208,709,0.0,0.0,0.0,0.0,0.05,0.0,0
273,2017-01-23,167,21,27,10,177,88,-1,13,-1,294,0.0,0.0,0.17,0.0,0.13,0.0,0
274,2017-10-30,167,56,73,5,92,368,-1,35,280,574,0.14,0.0,0.03,0.0,0.07,0.0,1
275,2018-11-15,167,73,45,20,108,119,-1,71,381,955,0.0,0.0,0.03,0.0,0.08,0.0,0
276,2016-07-07,168,10,-1,-1,-1,-1,-1,-1,-1,94,0.0,0.0,0.0,0.0,0.0,0.0,0
277,2016-11-02,170,57,61,37,39,-1,-1,52,-1,212,0.0,0.0,0.0,0.0,0.12,0.0,0
278,2017-03-17,170,74,28,73,174,-1,-1,187,135,347,0.0,0.0,0.03,0.0,0.02,0.0,0
279,2016-06-07,171,64,4,23,-1,-1,-1,-1,-1,64,0.14,0.0,0.3,0.0,0.33,0.0,1
280,2017-08-22,171,57,18,5,-1,169,132,9,441,505,0.14,0.0,0.33,0.0,0.33,0.0,1
281,2017-12-20,171,107,7,5,39,62,252,129,120,625,0.14,0.0,0.2,0.0,0.17,0.0,0
282,2018-02-06,172,36,151,39,44,141,-1,74,-1,673,0.0,0.0,0.0,0.0,0.03,0.0,0
283,2018-05-21,172,49,20,5,60,245,-1,3,104,777,0.57,0.0,0.27,0.0,0.2,0.0,1
284,2016-05-18,173,44,23,-1,-1,-1,-1,3,-1,44,0.57,0.0,0.27,0.0,0.18,0.0,0
285,2016-08-23,174,57,89,63,-1,-1,-1,30,-1,141,0.0,0.0,0.0,0.0,0.12,0.0,1
286,2018-08-20,174,56,70,4,149,-1,-1,29,727,868,0.14,0.0,0.1,0.0,0.17,0.0,0
287,2019-06-24,174,84,1,129,92,258,-1,120,308,1176,0.57,0.0,0.13,0.0,0.08,0.0,0
288,2016-04-25,175,21,4,-1,-1,-1,-1,-1,-1,21,0.29,0.0,0.09,0.0,0.09,0.0,1
289,2018-05-23,176,51,22,100,219,71,-1,263,-1,779,0.0,0.0,0.07,0.0,0.03,0.0,1
290,2017-05-25,177,52,28,196,-1,-1,-1,4,-1,416,0.43,0.0,0.3,0.03,0.18,0.02,1
291,2019-05-07,177,36,34,35,360,-1,-1,261,712,1128,0.0,0.0,0.0,0.0,0.05,0.0,0
292,2017-09-28,178,24,16,14,-1,21,109,102,-1,542,0.0,0.0,0.2,0.0,0.28,0.0,1
293,2017-11-27,178,84,76,55,-1,81,8,1,60,602,0.86,0.0,0.97,0.0,0.88,0.0,1
294,2018-06-12,178,71,7,1,94,76,65,86,197,799,0.14,0.0,0.27,0.0,0.33,0.0,0
295,2017-07-13,179,17,105,8,-1,-1,10,116,-1,465,0.0,0.0,0.17,0.0,0.18,0.0,0
296,2018-09-05,179,2,89,6,-1,-1,14,24,419,884,0.14,0.0,0.4,0.0,0.3,0.0,0
297,2018-03-09,180,67,74,11,-1,-1,25,208,-1,704,0.0,0.0,0.1,0.0,0.1,0.0,1
298,2019-05-31,180,60,31,22,439,235,138,68,448,1152,0.0,0.0,0.03,0.0,0.07,0.0,0
299,2016-06-01,182,58,10,49,-1,16,-1,43,-1,58,0.0,0.0,0.13,0.0,0.15,0.02,1
300,2016-06-30,182,3,39,78,-1,45,-1,72,29,87,0.0,0.0,0.0,0.0,0.07,0.02,1
301,2017-02-13,182,42,31,12,-1,51,-1,1,228,315,0.86,0.0,0.47,0.0,0.3,0.03,1
302,2017-08-17,183,52,13,6,-1,269,279,88,-1,500,0.14,0.0,0.13,0.0,0.12,0.0,0
303,2016-11-29,184,84,20,1,80,-1,-1,93,-1,239,0.14,0.0,0.07,0.0,0.03,0.0,1
304,2018-06-12,184,71,30,25,369,-1,-1,16,560,799,0.0,0.14,0.33,0.03,0.23,0.02,1
305,2016-07-06,185,9,-1,-1,-1,-1,-1,-1,-1,93,0.0,0.0,0.0,0.07,0.0,0.1,0
306,2017-01-04,185,2,-1,13,43,-1,-1,136,182,275,0.0,0.0,0.07,0.0,0.05,0.0,1
307,2017-05-18,185,45,130,28,177,-1,-1,270,134,409,0.0,0.0,0.03,0.0,0.02,0.0,1
308,2017-06-10,185,68,153,51,200,-1,-1,293,23,432,0.0,0.0,0.0,0.0,0.02,0.0,0
309,2016-06-09,186,66,-1,-1,-1,-1,-1,-1,-1,66,0.0,0.0,0.0,0.0,0.0,0.0,1
310,2016-11-10,187,65,10,14,71,-1,-1,74,-1,220,0.0,0.0,0.17,0.03,0.08,0.02,1
311,2017-01-18,187,16,14,8,140,-1,-1,143,69,289,0.0,0.0,0.1,0.0,0.07,0.0,0
312,2016-08-09,189,43,18,96,-1,-1,-1,17,-1,127,0.0,0.0,0.07,0.0,0.03,0.0,0
313,2016-12-03,189,88,105,14,-1,-1,-1,133,116,243,0.0,0.0,0.1,0.0,0.07,0.0,0
314,2017-05-23,189,50,3,7,104,-1,-1,304,171,414,0.57,0.0,0.23,0.0,0.15,0.0,0
315,2018-09-11,189,8,17,118,10,-1,15,2,476,890,0.71,0.0,0.43,0.0,0.27,0.0,0
316,2016-06-24,191,81,45,-1,51,-1,-1,-1,-1,81,0.0,0.0,0.0,0.0,0.05,0.0,0
317,2016-08-31,191,65,113,-1,26,12,-1,17,68,149,0.0,0.0,0.33,0.03,0.28,0.02,1
318,2017-09-15,192,11,160,28,31,-1,191,13,-1,529,0.0,0.0,0.23,0.0,0.15,0.0,1
319,2018-04-24,192,22,77,61,164,-1,412,112,221,750,0.0,0.0,0.0,0.0,0.0,0.0,0
320,2018-08-10,193,46,85,86,-1,28,54,12,-1,858,0.0,0.0,0.27,0.0,0.23,0.02,0
321,2018-12-11,193,99,3,8,-1,151,177,9,123,981,0.29,0.0,0.33,0.0,0.17,0.0,0
322,2016-04-18,194,14,12,-1,-1,-1,-1,1,-1,14,0.86,0.0,0.6,0.0,0.6,0.0,0
323,2018-12-07,194,95,17,28,60,-1,-1,61,963,977,0.0,0.0,0.1,0.0,0.12,0.0,0
324,2018-05-21,195,49,69,66,171,-1,118,21,-1,777,0.0,0.0,0.03,0.0,0.02,0.0,0
325,2018-12-11,195,99,145,115,10,-1,13,5,204,981,0.14,0.0,0.13,0.0,0.1,0.0,0
326,2016-08-30,196,64,7,92,-1,-1,-1,23,-1,148,0.0,0.0,0.27,0.0,0.18,0.0,0
327,2018-03-09,196,67,2,39,-1,196,-1,110,556,704,0.14,0.0,0.03,0.0,0.1,0.0,0
328,2017-02-28,197,57,15,21,-1,13,-1,191,-1,330,0.0,0.0,0.23,0.0,0.15,0.0,1
329,2017-04-11,197,8,57,39,-1,55,-1,233,42,372,0.0,0.0,0.0,0.0,0.08,0.0,0
330,2018-01-29,197,28,55,24,79,348,-1,169,293,665,0.0,0.0,0.03,0.0,0.08,0.0,1
331,2018-03-19,197,77,104,11,128,397,-1,31,49,714,0.0,0.0,0.03,0.0,0.1,0.0,1
332,2017-01-11,198,9,6,13,149,167,-1,150,-1,282,0.14,0.0,0.17,0.0,0.2,0.02,0
333,2016-11-21,199,76,102,4,-1,21,-1,113,-1,231,0.29,0.0,0.13,0.0,0.1,0.0,0
334,2018-12-04,199,92,35,25,110,764,-1,2,743,974,0.71,0.0,0.5,0.0,0.37,0.0,0
335,2019-02-21,199,45,6,13,189,843,-1,81,79,1053,0.14,0.0,0.23,0.0,0.22,0.0,0
336,2016-12-29,200,114,31,7,60,197,21,123,-1,269,0.0,0.0,0.1,0.0,0.15,0.0,0
337,2019-03-19,200,71,53,1,140,621,396,65,810,1079,0.29,0.0,0.13,0.0,0.13,0.0,0
338,2018-02-07,201,37,7,55,320,-1,-1,164,-1,674,0.0,0.0,0.03,0.0,0.08,0.0,1
339,2017-10-17,202,43,21,128,61,-1,115,23,-1,561,0.0,0.0,0.3,0.0,0.25,0.0,1
340,2018-01-02,202,1,98,9,69,21,75,100,77,638,0.0,0.0,0.1,0.0,0.08,0.0,0
341,2016-10-17,205,41,91,100,1,-1,-1,50,-1,196,0.14,0.0,0.03,0.03,0.18,0.02,1
342,2016-12-14,205,99,1,50,59,-1,-1,108,58,254,0.29,0.0,0.07,0.0,0.07,0.0,1
343,2018-11-15,205,73,85,164,760,60,-1,88,701,955,0.0,0.0,0.0,0.0,0.0,0.02,1
344,2016-11-01,207,56,13,-1,138,119,55,65,-1,211,0.0,0.0,0.03,0.0,0.07,0.0,0
345,2018-04-11,207,9,7,41,232,131,111,45,526,737,0.0,0.0,0.13,0.0,0.23,0.0,1
346,2016-11-17,208,72,8,41,6,-1,-1,95,-1,227,0.14,0.0,0.1,0.0,0.08,0.0,0
347,2017-01-06,208,4,19,11,56,-1,-1,145,50,277,0.0,0.0,0.13,0.0,0.12,0.0,1
348,2018-06-08,208,67,60,38,209,-1,-1,103,518,795,0.0,0.0,0.0,0.0,0.02,0.0,0
349,2017-02-06,209,35,24,20,-1,212,82,57,-1,308,0.0,0.0,0.07,0.0,0.08,0.0,1
350,2019-07-12,209,11,18,35,117,477,28,104,886,1194,0.0,0.0,0.07,0.0,0.05,0.0,0
351,2017-09-13,210,9,126,2,61,139,-1,24,-1,527,0.14,0.0,0.23,0.0,0.13,0.0,0
352,2019-04-30,211,29,75,32,216,-1,18,47,-1,1121,0.0,0.0,0.07,0.0,0.12,0.0,0
353,2017-09-15,213,11,126,189,13,92,-1,40,-1,529,0.0,0.0,0.03,0.0,0.25,0.0,1
354,2018-02-16,213,46,60,53,167,246,-1,103,154,683,0.0,0.0,0.0,0.0,0.02,0.0,1
355,2018-04-03,213,1,106,99,213,292,-1,149,46,729,0.0,0.0,0.0,0.0,0.0,0.0,0
356,2019-05-16,213,45,6,7,38,199,-1,70,408,1137,0.14,0.0,0.07,0.0,0.05,0.0,0
357,2016-05-26,214,52,-1,-1,-1,-1,-1,25,-1,52,0.0,0.0,0.17,0.0,0.17,0.04,0
358,2016-08-10,214,44,-1,-1,-1,39,-1,3,76,128,0.57,0.0,0.23,0.07,0.13,0.05,0
359,2016-12-15,214,100,-1,22,-1,166,-1,98,127,255,0.0,0.0,0.03,0.0,0.02,0.0,0
360,2017-06-19,214,77,110,54,-1,33,-1,1,186,441,0.86,0.0,0.23,0.0,0.15,0.0,1
361,2017-08-02,214,37,15,98,25,9,-1,17,44,485,0.0,0.0,0.37,0.0,0.3,0.0,0
362,2018-06-26,214,1,20,6,353,82,-1,184,328,813,0.14,0.0,0.13,0.0,0.08,0.0,1
363,2018-09-14,214,11,100,86,68,162,-1,13,80,893,0.0,0.0,0.2,0.03,0.22,0.02,1
364,2018-10-04,214,31,120,14,88,182,-1,33,20,913,0.0,0.0,0.03,0.0,0.12,0.02,0
365,2019-02-05,214,29,6,28,212,7,-1,79,124,1037,0.14,0.0,0.1,0.0,0.07,0.0,0
366,2019-04-26,214,25,86,32,292,87,-1,159,80,1117,0.0,0.0,0.0,0.0,0.02,0.0,1
367,2019-05-09,214,38,99,45,305,100,-1,172,13,1130,0.0,0.0,0.0,0.0,0.02,0.0,1
368,2018-04-14,216,12,179,15,622,-1,502,7,-1,740,0.0,0.0,0.13,0.0,0.13,0.0,0
369,2018-01-19,217,18,11,21,106,415,98,75,-1,655,0.0,0.0,0.07,0.0,0.08,0.0,1
370,2018-02-08,217,38,6,41,126,435,9,95,20,675,0.14,0.0,0.13,0.0,0.13,0.0,0
371,2019-05-03,217,32,155,3,330,884,33,173,449,1124,0.29,0.0,0.1,0.0,0.5,0.0,0
372,2019-06-14,217,74,16,23,7,926,75,215,42,1166,0.0,0.0,0.13,0.0,0.13,0.0,0
373,2016-12-23,218,108,60,10,79,167,211,117,-1,263,0.0,0.0,0.03,0.0,0.05,0.0,0
374,2017-07-14,218,18,86,10,282,370,4,12,203,466,0.14,0.0,0.37,0.0,0.28,0.0,1
375,2018-11-26,218,84,21,7,52,386,297,120,500,966,0.0,0.0,0.17,0.0,0.15,0.0,1
376,2018-11-28,218,86,23,9,54,388,299,122,2,968,0.0,0.0,0.17,0.0,0.15,0.0,1
377,2019-02-12,218,36,60,1,130,464,8,198,76,1044,0.14,0.0,0.13,0.0,0.12,0.0,1
378,2018-05-11,219,39,83,87,-1,-1,709,5,-1,767,0.29,0.0,0.23,0.0,0.12,0.0,0
379,2018-09-20,222,17,15,82,313,-1,326,25,-1,899,0.0,0.14,0.2,0.03,0.15,0.02,1
380,2018-10-16,223,43,32,130,26,-1,131,9,-1,925,0.0,0.0,0.27,0.0,0.18,0.0,0
381,2017-09-12,224,8,14,18,214,409,-1,23,-1,526,0.0,0.0,0.33,0.0,0.23,0.0,0
382,2018-06-04,224,63,72,5,114,674,-1,65,265,791,0.29,0.0,0.17,0.0,0.18,0.0,0
383,2019-05-17,225,46,92,14,349,388,-1,145,-1,1138,0.0,0.0,0.07,0.0,0.03,0.0,0
384,2016-06-09,226,66,1,-1,-1,-1,21,-1,-1,66,0.14,0.0,0.33,0.0,0.67,0.0,1
385,2018-12-06,227,94,2,4,24,230,281,32,-1,976,0.29,0.0,0.13,0.03,0.25,0.02,1
386,2016-09-23,228,17,-1,16,-1,-1,4,40,-1,172,0.14,0.0,0.37,0.0,0.3,0.02,0
387,2017-11-02,228,129,9,24,224,-1,25,81,405,577,0.0,0.0,0.23,0.0,0.62,0.0,0
388,2018-02-28,228,58,12,15,342,-1,143,80,118,695,0.0,0.0,0.17,0.0,0.17,0.0,0
389,2018-12-04,228,92,21,4,621,50,422,114,279,974,0.14,0.0,0.1,0.0,0.08,0.0,0
390,2016-09-28,229,22,-1,57,-1,-1,58,-1,-1,177,0.0,0.0,0.0,0.0,0.05,0.0,1
391,2018-10-08,230,35,45,18,-1,27,558,37,-1,917,0.0,0.0,0.1,0.0,0.18,0.0,1
392,2016-05-19,236,45,34,3,-1,-1,-1,25,-1,45,0.14,0.0,0.23,0.0,0.26,0.0,0
393,2019-01-11,236,4,188,51,69,-1,47,17,967,1012,0.0,0.0,0.03,0.0,0.07,0.0,1
394,2016-06-01,237,58,31,-1,9,-1,-1,-1,-1,58,0.0,0.0,0.03,0.0,0.1,0.0,1
395,2016-12-03,237,88,12,3,194,-1,-1,125,185,243,0.29,0.0,0.23,0.0,0.2,0.0,0
396,2017-01-30,237,28,35,24,252,-1,-1,183,58,301,0.0,0.0,0.03,0.0,0.22,0.0,1
397,2019-05-26,237,55,67,83,97,319,189,53,846,1147,0.0,0.14,0.0,0.1,0.02,0.07,1
398,2016-04-14,238,10,-1,-1,-1,-1,-1,-1,-1,10,0.0,0.0,0.0,0.0,0.0,0.0,0
399,2016-08-15,238,49,-1,114,21,-1,18,22,123,133,0.0,0.0,0.3,0.0,0.28,0.02,1
400,2017-05-20,238,47,7,21,299,-1,31,265,278,411,0.0,0.0,0.33,0.0,0.2,0.0,0
401,2017-09-29,238,25,139,28,115,-1,163,61,132,543,0.0,0.0,0.03,0.0,0.03,0.0,1
402,2018-11-13,238,71,42,4,160,-1,206,79,410,953,0.14,0.0,0.17,0.0,0.22,0.0,1
403,2016-11-27,239,82,49,44,-1,-1,-1,105,-1,237,0.0,0.0,0.0,0.03,0.05,0.02,1
404,2019-03-23,239,75,524,26,290,705,-1,118,846,1083,0.0,0.0,0.1,0.0,0.05,0.0,0
405,2019-04-21,239,20,22,55,319,734,-1,147,29,1112,0.0,0.0,0.03,0.03,0.07,0.02,0
406,2017-07-18,240,22,50,11,42,75,179,86,-1,470,0.0,0.0,0.07,0.0,0.12,0.0,1
407,2017-11-01,240,58,9,19,148,181,285,66,106,576,0.0,0.0,0.07,0.0,0.07,0.0,1
408,2016-06-23,241,80,12,-1,17,-1,22,-1,-1,80,0.0,0.0,0.2,0.0,0.1,0.0,1
409,2018-07-27,241,32,11,7,130,73,49,25,764,844,0.0,0.0,0.27,0.0,0.2,0.0,0
410,2019-06-04,241,64,70,62,442,95,13,23,312,1156,0.0,0.0,0.3,0.0,0.18,0.0,0
411,2016-12-31,242,116,25,36,85,81,-1,41,-1,271,0.0,0.0,0.07,0.0,0.17,0.0,1
412,2018-10-23,242,50,29,4,16,742,-1,9,661,932,0.14,0.0,0.33,0.0,0.32,0.02,0
413,2019-04-26,242,25,14,169,201,927,-1,194,185,1117,0.0,0.0,0.07,0.0,0.08,0.0,0
414,2018-04-13,243,11,42,1,153,608,-1,5,-1,739,0.57,0.0,0.43,0.0,0.37,0.0,1
415,2017-04-26,245,23,130,40,144,-1,-1,31,-1,387,0.0,0.0,0.0,0.0,0.17,0.0,1
416,2018-05-28,245,56,105,83,176,-1,-1,43,397,784,0.0,0.0,0.0,0.0,0.13,0.0,0
417,2019-07-26,245,25,36,94,235,-1,-1,41,424,1208,0.0,0.0,0.0,0.0,0.03,0.0,1
418,2016-07-21,246,24,33,-1,-1,-1,-1,-1,-1,108,0.0,0.29,0.0,0.1,0.03,0.05,0
419,2016-12-09,248,94,-1,14,-1,134,-1,-1,-1,249,0.0,0.0,0.03,0.0,0.02,0.0,0
420,2018-03-02,248,60,218,35,-1,196,292,-1,448,697,0.0,0.0,0.0,0.0,0.2,0.0,1
421,2018-07-12,248,17,106,7,-1,328,424,-1,132,829,0.0,0.0,0.27,0.0,0.13,0.0,1
422,2016-05-12,249,38,4,11,-1,-1,-1,-1,-1,38,0.43,0.0,0.43,0.0,0.36,0.0,0
423,2016-11-09,249,64,16,55,-1,94,2,122,181,219,0.29,0.0,0.13,0.0,0.08,0.0,0
424,2017-01-20,249,18,13,42,46,166,14,194,72,291,0.0,0.0,0.13,0.0,0.17,0.0,0
425,2019-01-11,249,4,23,38,34,472,31,194,721,1012,0.0,0.0,0.1,0.0,0.15,0.0,1
426,2019-05-31,249,60,16,2,36,14,103,40,140,1152,0.14,0.0,0.13,0.0,0.37,0.0,0
427,2018-06-19,251,78,181,48,290,18,1,247,-1,806,0.29,0.0,0.13,0.0,0.1,0.0,0
428,2016-08-12,252,46,2,1,-1,-1,-1,-1,-1,130,0.43,0.0,0.27,0.0,0.33,0.0,1
429,2018-01-27,252,26,15,2,147,-1,7,132,533,663,0.14,0.0,0.17,0.0,0.25,0.0,1
430,2018-05-21,254,49,92,95,282,-1,236,85,-1,777,0.0,0.0,0.0,0.0,0.0,0.0,1
431,2018-12-30,254,118,101,39,505,-1,459,140,223,1000,0.0,0.0,0.0,0.0,0.03,0.0,0
432,2016-05-17,255,43,-1,-1,-1,-1,-1,37,-1,43,0.0,0.0,0.0,0.0,0.14,0.0,0
433,2016-08-10,255,44,-1,82,-1,-1,10,122,85,128,0.0,0.0,0.67,0.0,0.8,0.0,0
434,2017-11-18,256,75,4,1,-1,334,211,104,-1,593,0.29,0.0,0.3,0.0,0.2,0.0,0
435,2018-06-11,261,70,63,10,121,-1,-1,190,-1,798,0.0,0.0,0.07,0.0,0.3,0.0,0
436,2019-07-02,261,1,35,82,142,-1,-1,212,386,1184,0.0,0.0,0.0,0.03,0.05,0.02,1
437,2017-11-02,264,59,79,15,286,125,183,95,-1,577,0.0,0.0,0.03,0.0,0.07,0.0,0
438,2019-07-26,265,25,46,7,240,175,476,278,-1,1208,0.0,0.0,0.1,0.03,0.1,0.02,0
439,2016-08-27,267,61,50,-1,-1,-1,-1,-1,-1,145,0.0,0.0,0.0,0.0,0.02,0.02,0
440,2017-03-04,267,61,78,9,72,-1,-1,125,189,334,0.0,0.0,0.03,0.0,0.02,0.0,0
441,2018-10-01,267,28,12,48,125,105,-1,141,576,910,0.0,0.0,0.03,0.0,0.03,0.0,1
442,2016-09-07,269,1,13,-1,-1,-1,-1,17,-1,156,0.0,0.0,0.27,0.0,0.13,0.03,0
443,2017-11-06,269,63,100,3,131,209,-1,78,425,581,0.14,0.0,0.07,0.0,0.03,0.0,0
444,2017-06-19,270,77,107,350,28,-1,-1,92,-1,441,0.0,0.0,0.03,0.0,0.02,0.0,0
445,2018-01-21,270,20,135,9,206,-1,-1,189,216,657,0.0,0.0,0.07,0.0,0.03,0.0,1
446,2019-05-02,270,31,33,40,345,-1,-1,179,466,1123,0.0,0.14,0.0,0.03,0.05,0.02,1
447,2016-09-17,271,11,127,93,-1,-1,-1,55,-1,166,0.0,0.0,0.0,0.0,0.08,0.0,1
448,2017-10-18,271,44,11,101,341,-1,-1,24,396,562,0.0,0.0,0.37,0.0,0.2,0.0,0
449,2016-10-05,272,29,5,128,-1,-1,149,38,-1,184,0.29,0.0,0.1,0.03,0.17,0.03,0
450,2016-11-10,272,65,25,164,-1,35,7,74,36,220,0.0,0.0,0.07,0.0,0.1,0.02,1
451,2017-01-17,272,15,31,7,65,103,75,142,68,288,0.0,0.0,0.07,0.0,0.12,0.0,0
452,2017-05-15,272,42,3,62,183,91,193,260,118,406,0.14,0.0,0.03,0.0,0.02,0.02,0
453,2018-08-23,272,59,4,64,283,155,658,53,465,871,0.29,0.0,0.07,0.0,0.13,0.0,0
454,2018-04-10,273,8,35,6,284,303,38,324,-1,736,0.14,0.0,0.1,0.0,0.17,0.0,1
455,2018-04-17,273,15,42,1,291,310,45,331,7,743,0.29,0.0,0.1,0.0,0.18,0.0,1
456,2018-06-12,273,71,30,2,347,366,55,23,56,799,0.14,0.0,0.43,0.0,0.37,0.02,1
457,2019-01-27,273,20,23,6,211,595,92,154,229,1028,0.14,0.0,0.27,0.0,0.28,0.0,0
458,2016-09-07,275,1,9,141,136,116,-1,-1,-1,156,0.0,0.0,0.03,0.03,0.02,0.02,0
459,2017-08-26,275,61,34,132,489,98,-1,125,353,509,0.0,0.0,0.0,0.0,0.02,0.0,1
460,2017-11-21,275,78,63,13,83,185,-1,44,87,596,0.0,0.0,0.07,0.0,0.15,0.0,1
461,2018-01-09,275,8,16,20,132,234,-1,93,49,645,0.0,0.0,0.1,0.0,0.07,0.0,0
462,2018-03-28,275,86,94,98,210,38,-1,171,78,723,0.0,0.0,0.0,0.0,0.02,0.0,0
463,2018-04-16,275,14,113,5,229,57,-1,8,19,742,0.14,0.0,0.27,0.0,0.15,0.0,0
464,2018-06-25,275,84,183,8,299,30,-1,78,70,812,0.0,0.0,0.03,0.0,0.07,0.0,1
465,2019-07-17,275,16,18,38,686,121,-1,109,387,1199,0.0,0.0,0.03,0.0,0.07,0.02,0
466,2016-12-05,276,90,20,13,95,-1,-1,50,-1,245,0.0,0.0,0.13,0.0,0.22,0.0,0
467,2018-03-08,276,66,16,15,553,-1,1,207,458,703,0.29,0.0,0.2,0.0,0.13,0.0,0
468,2018-10-08,276,35,72,8,767,-1,131,43,214,917,0.0,0.0,0.07,0.0,0.15,0.02,0
469,2019-05-07,276,36,34,88,12,-1,210,79,211,1128,0.0,0.0,0.03,0.0,0.03,0.0,0
470,2016-08-07,278,41,51,52,-1,-1,-1,-1,-1,125,0.0,0.0,0.0,0.0,0.07,0.0,1
471,2016-11-07,278,62,36,19,8,-1,-1,22,92,217,0.0,0.0,0.33,0.0,0.35,0.0,0
472,2018-02-13,279,43,14,4,-1,236,-1,107,-1,680,0.14,0.0,0.17,0.0,0.1,0.0,0
473,2019-01-07,279,126,152,78,303,130,19,71,328,1008,0.0,0.0,0.37,0.0,0.68,0.0,0
474,2019-02-19,279,169,40,2,346,173,62,114,43,1051,0.14,0.0,0.13,0.0,0.17,0.0,0
475,2017-12-01,281,88,111,49,53,160,-1,54,-1,606,0.0,0.0,0.0,0.0,0.13,0.0,0
476,2016-06-16,282,73,26,28,-1,-1,-1,46,-1,73,0.0,0.14,0.1,0.17,0.18,0.13,0
477,2016-11-24,282,79,187,189,-1,-1,-1,207,161,234,0.0,0.14,0.0,0.03,0.0,0.02,1
478,2019-03-13,282,65,1026,35,121,-1,124,143,839,1073,0.0,0.0,0.0,0.03,0.02,0.02,1
479,2017-09-21,283,17,3,39,177,96,-1,53,-1,535,0.14,0.0,0.03,0.0,0.18,0.0,0
480,2018-07-10,283,15,120,1,104,152,-1,9,292,827,0.14,0.0,0.3,0.0,0.18,0.0,0
481,2018-11-05,283,63,28,7,222,270,-1,127,118,945,0.0,0.0,0.2,0.0,0.18,0.0,0
482,2019-02-13,285,37,104,43,165,111,96,59,-1,1045,0.0,0.0,0.0,0.0,0.05,0.0,1
483,2019-05-03,285,32,16,60,244,190,175,138,79,1124,0.0,0.0,0.1,0.0,0.07,0.0,1
484,2019-06-11,285,71,3,99,283,229,29,177,39,1163,0.57,0.0,0.2,0.0,0.2,0.0,0
485,2019-04-11,286,10,8,83,150,590,-1,207,-1,1102,0.0,0.0,0.1,0.0,0.05,0.0,0
486,2016-10-12,288,36,7,-1,33,73,-1,80,-1,191,0.0,0.0,0.07,0.0,0.07,0.0,0
487,2018-02-09,288,39,24,6,316,457,-1,201,485,676,0.14,0.0,0.1,0.0,0.1,0.0,0
488,2018-06-29,288,4,38,17,456,597,-1,47,140,816,0.0,0.0,0.03,0.0,0.15,0.0,0
489,2018-08-02,288,38,16,7,490,631,-1,81,34,850,0.0,0.0,0.1,0.0,0.07,0.0,1
490,2018-05-24,289,52,1,22,359,656,-1,46,-1,780,0.29,0.0,0.1,0.0,0.17,0.0,0
491,2019-01-25,289,18,150,1,171,49,-1,159,246,1026,0.14,0.0,0.03,0.0,0.07,0.0,1
492,2016-04-26,290,22,-1,-1,-1,-1,-1,-1,-1,22,0.0,0.14,0.0,0.13,0.0,0.13,1
493,2018-07-27,290,32,26,21,-1,629,-1,306,822,844,0.0,0.0,0.07,0.0,0.03,0.02,1
494,2016-06-24,292,81,6,26,-1,-1,61,-1,-1,81,0.14,0.0,0.07,0.0,0.05,0.0,0
495,2016-08-08,292,42,2,35,-1,-1,106,22,45,126,0.14,0.0,0.27,0.0,0.17,0.0,1
496,2018-09-29,292,26,29,6,472,141,100,34,782,908,0.14,0.0,0.2,0.0,0.23,0.0,1
497,2018-06-25,294,84,185,308,-1,777,-1,-1,-1,812,0.0,0.0,0.0,0.0,0.0,0.0,0
498,2018-11-09,294,67,7,445,-1,28,-1,-1,137,949,0.0,0.0,0.07,0.0,0.03,0.0,0
499,2017-12-16,296,103,55,24,199,138,292,125,-1,621,0.0,0.14,0.07,0.07,0.05,0.03,0
500,2019-01-09,296,2,5,32,42,126,263,143,389,1010,0.29,0.0,0.2,0.0,0.17,0.0,0
501,2017-03-01,297,58,14,64,157,263,-1,185,-1,331,0.0,0.0,0.03,0.0,0.03,0.0,1
502,2016-12-30,298,115,91,5,212,39,236,138,-1,270,0.14,0.0,0.03,0.03,0.03,0.02,1
503,2017-08-21,298,56,15,4,446,86,217,8,234,504,0.14,0.0,0.3,0.0,0.23,0.0,0
504,2017-09-16,298,12,41,2,472,112,243,34,26,530,0.14,0.0,0.07,0.0,0.2,0.0,1
505,2018-07-26,298,31,20,7,306,425,556,25,313,843,0.0,0.0,0.27,0.0,0.27,0.03,0
506,2019-05-13,298,42,13,4,597,191,847,99,291,1134,0.14,0.0,0.2,0.03,0.25,0.02,0
507,2017-06-21,299,79,50,29,101,-1,-1,157,-1,443,0.0,0.0,0.03,0.0,0.03,0.0,1
508,2016-10-06,300,30,10,11,52,177,-1,39,-1,185,0.0,0.0,0.13,0.0,0.2,0.0,1
509,2017-11-01,300,58,10,7,78,568,108,66,391,576,0.0,0.0,0.33,0.0,0.32,0.0,0
510,2016-08-12,302,46,62,45,-1,-1,-1,-1,-1,130,0.0,0.0,0.0,0.07,0.03,0.03,0
511,2016-09-08,302,2,25,72,-1,-1,-1,11,27,157,0.0,0.0,0.27,0.03,0.13,0.05,0
512,2017-05-20,302,47,60,102,142,-1,-1,20,254,411,0.0,0.0,0.23,0.0,0.12,0.0,0
513,2018-09-26,302,23,28,19,41,-1,185,87,494,905,0.0,0.0,0.07,0.0,0.08,0.0,0
514,2019-07-09,302,8,13,29,192,-1,1,254,286,1191,0.14,0.0,0.2,0.0,0.12,0.0,0
515,2018-02-21,303,51,21,3,483,670,34,178,-1,688,0.14,0.0,0.17,0.0,0.52,0.0,0
516,2018-03-31,305,89,1,40,67,99,66,118,-1,726,0.86,0.0,0.5,0.0,0.32,0.0,0
517,2018-09-18,305,15,123,3,106,34,237,93,171,897,0.14,0.0,0.07,0.0,0.15,0.0,1
518,2017-03-22,308,79,62,83,91,88,-1,206,-1,352,0.0,0.0,0.0,0.0,0.0,0.0,0
519,2018-02-02,308,32,13,16,169,160,-1,124,317,669,0.0,0.0,0.13,0.0,0.07,0.02,0
520,2019-02-28,308,52,32,51,69,101,-1,158,391,1060,0.0,0.0,0.0,0.0,0.08,0.0,0
521,2016-06-22,309,79,11,5,-1,-1,-1,-1,-1,79,0.14,0.0,0.1,0.03,0.05,0.02,0
522,2016-09-16,309,10,16,30,-1,-1,-1,19,86,165,0.0,0.0,0.33,0.0,0.22,0.0,0
523,2018-02-12,309,42,55,49,142,126,-1,85,514,679,0.0,0.0,0.0,0.0,0.05,0.0,0
524,2016-11-18,310,73,8,-1,-1,-1,-1,-1,-1,228,0.0,0.0,0.1,0.0,0.07,0.02,0
525,2018-03-16,310,74,11,9,292,-1,323,12,483,711,0.0,0.0,0.47,0.0,0.23,0.0,1
526,2018-12-30,310,118,44,20,216,-1,612,182,289,1000,0.0,0.0,0.03,0.0,0.13,0.0,0
527,2016-09-21,311,15,19,-1,-1,-1,76,-1,-1,170,0.0,0.0,0.03,0.0,0.02,0.0,0
528,2016-07-13,312,16,18,54,-1,-1,-1,-1,-1,100,0.0,0.0,0.03,0.0,0.1,0.0,1
529,2018-01-14,312,13,69,157,216,425,-1,196,550,650,0.0,0.0,0.0,0.0,0.0,0.0,1
530,2016-05-06,313,32,-1,-1,-1,-1,-1,-1,-1,32,0.0,0.0,0.0,0.0,0.0,0.0,1
531,2017-11-05,314,62,-1,235,153,-1,-1,112,-1,580,0.0,0.0,0.0,0.0,0.0,0.0,0
532,2019-01-02,314,121,-1,15,211,-1,-1,185,423,1003,0.0,0.0,0.03,0.0,0.02,0.0,0
533,2019-04-17,314,16,56,37,94,-1,-1,10,105,1108,0.0,0.0,0.2,0.0,0.15,0.0,0
534,2016-08-31,315,65,21,6,-1,-1,-1,-1,-1,149,0.14,0.0,0.23,0.0,0.12,0.0,1
535,2017-12-30,315,117,266,1,208,-1,-1,153,486,635,0.14,0.0,0.07,0.0,0.08,0.0,1
536,2016-09-15,317,9,59,-1,-1,3,-1,-1,-1,164,0.14,0.0,0.03,0.0,0.03,0.0,0
537,2016-12-15,318,100,77,39,-1,-1,-1,-1,-1,255,0.0,0.0,0.0,0.0,0.02,0.0,1
538,2017-11-26,318,83,28,56,57,49,122,21,346,601,0.0,0.0,0.3,0.0,0.22,0.0,0
539,2018-12-17,318,105,29,238,189,345,508,71,386,987,0.0,0.0,0.03,0.0,0.07,0.0,1
540,2017-07-10,319,14,79,19,71,-1,-1,-1,-1,462,0.0,0.0,0.1,0.03,0.05,0.02,0
541,2018-01-19,319,18,46,55,264,7,23,145,193,655,0.0,0.0,0.27,0.0,0.48,0.0,0
542,2018-11-23,319,81,83,33,164,167,331,26,308,963,0.0,0.0,0.13,0.0,0.15,0.0,1
543,2019-01-29,319,22,2,21,231,20,398,93,67,1030,0.43,0.0,0.2,0.0,0.17,0.0,1
544,2016-12-21,321,106,9,15,116,189,174,-1,-1,261,0.0,0.0,0.1,0.0,0.07,0.0,1
545,2017-10-28,321,54,25,6,2,169,75,83,311,572,0.29,0.0,0.27,0.0,0.22,0.0,0
546,2018-01-16,321,15,43,9,82,249,155,2,80,652,0.71,0.0,0.37,0.0,0.33,0.0,0
547,2018-05-20,321,48,6,14,206,373,41,126,124,776,0.14,0.0,0.13,0.0,0.27,0.0,1
548,2016-05-03,323,29,8,14,-1,-1,-1,-1,-1,29,0.0,0.0,0.07,0.0,0.07,0.0,1
549,2018-11-12,323,70,11,63,-1,640,347,-1,923,952,0.0,0.0,0.1,0.0,0.12,0.0,1
550,2018-12-07,323,95,6,88,-1,665,372,-1,25,977,0.14,0.0,0.07,0.0,0.1,0.0,1
551,2016-11-28,324,83,107,32,29,142,-1,-1,-1,238,0.0,0.0,0.03,0.0,0.07,0.0,1
552,2017-01-27,324,25,42,17,89,202,-1,-1,60,298,0.0,0.0,0.03,0.0,0.05,0.0,1
553,2018-01-30,324,29,100,44,457,570,-1,184,368,666,0.0,0.0,0.0,0.0,0.02,0.0,0
554,2018-11-28,324,86,185,66,759,872,-1,31,302,968,0.0,0.0,0.0,0.03,0.12,0.02,1
555,2017-05-04,328,31,-1,-1,-1,-1,-1,-1,-1,395,0.0,0.0,0.0,0.0,0.0,0.0,0
556,2016-06-27,329,84,-1,-1,-1,-1,-1,-1,-1,84,0.0,0.0,0.0,0.0,0.0,0.0,1
557,2017-07-15,329,19,-1,-1,26,-1,1,-1,383,467,0.14,0.0,0.07,0.0,0.03,0.0,0
558,2017-07-28,329,32,-1,-1,39,-1,14,-1,13,480,0.0,0.0,0.03,0.0,0.03,0.0,1
559,2018-09-12,329,9,31,26,35,-1,425,87,411,891,0.0,0.0,0.03,0.0,0.13,0.0,0
560,2017-09-08,75,4,30,1,-1,28,18,19,-1,522,0.14,0.14,0.4,0.03,0.27,0.02,0
561,2018-08-07,107,43,62,1,268,-1,667,86,-1,855,0.43,0.0,0.27,0.0,0.15,0.0,1
562,2019-07-30,107,29,42,6,625,169,1024,1,357,1212,0.29,0.0,0.07,0.0,0.12,0.0,0
563,2017-03-16,126,73,1,86,83,-1,296,18,-1,346,0.29,0.0,0.3,0.0,0.2,0.0,1
564,2016-11-13,295,68,6,5,-1,-1,-1,133,-1,223,0.29,0.0,0.23,0.0,0.15,0.0,0
565,2016-11-18,295,73,11,10,-1,-1,-1,138,5,228,0.0,0.0,0.23,0.0,0.15,0.0,0
566,2017-09-10,295,6,43,34,227,117,-1,21,296,524,0.0,0.0,0.23,0.0,0.15,0.0,0
567,2016-06-21,331,0,-1,-1,-1,-1,-1,-1,-1,0,0.0,0.0,0.0,0.0,0.0,0.0,1
568,2016-08-26,331,60,-1,-1,-1,-1,-1,-1,66,66,0.0,0.0,0.0,0.0,0.0,0.0,1
569,2018-03-17,331,75,18,87,24,-1,81,244,568,634,0.0,0.0,0.1,0.0,0.05,0.0,0
570,2018-12-30,331,118,12,7,312,41,369,91,288,922,0.0,0.0,0.23,0.0,0.27,0.0,1
571,2019-04-15,331,14,100,113,418,147,475,197,106,1028,0.0,0.0,0.0,0.0,0.0,0.0,1
572,2016-12-25,332,110,-1,-1,-1,-1,-1,-1,-1,181,0.0,0.0,0.0,0.0,0.0,0.0,1
573,2017-07-10,332,14,50,22,-1,-1,-1,-1,197,378,0.0,0.0,0.03,0.0,0.05,0.0,1
574,2018-12-07,332,95,101,39,164,335,-1,54,515,893,0.0,0.0,0.0,0.03,0.12,0.02,0
575,2019-07-17,332,16,46,10,21,557,-1,157,222,1115,0.0,0.0,0.1,0.0,0.07,0.0,1
576,2016-12-27,334,112,-1,-1,-1,-1,-1,-1,-1,183,0.0,0.0,0.0,0.0,0.0,0.0,0
577,2018-09-08,335,5,11,3,356,434,-1,83,-1,803,0.14,0.0,0.17,0.0,0.08,0.0,1
578,2016-10-05,336,29,-1,-1,-1,-1,-1,-1,-1,100,0.0,0.0,0.0,0.0,0.0,0.0,1
579,2017-07-03,336,7,87,24,-1,-1,-1,-1,271,371,0.0,0.0,0.03,0.0,0.03,0.0,0
580,2018-08-28,336,64,2,7,-1,356,303,297,421,792,0.43,0.0,0.13,0.0,0.08,0.0,1
581,2017-07-06,337,10,-1,-1,-1,-1,-1,-1,-1,374,0.0,0.0,0.0,0.0,0.0,0.0,0
582,2017-12-10,337,97,78,18,15,-1,-1,63,157,531,0.0,0.0,0.07,0.0,0.03,0.0,1
583,2018-12-09,337,97,19,6,14,339,-1,63,364,895,0.14,0.0,0.13,0.0,0.17,0.0,1
584,2019-07-13,337,12,69,18,230,55,-1,83,216,1111,0.0,0.0,0.07,0.0,0.05,0.05,1
585,2017-03-17,338,74,-1,-1,-1,-1,-1,-1,-1,263,0.0,0.0,0.0,0.0,0.0,0.0,0
586,2017-07-24,338,28,30,3,-1,-1,-1,-1,129,392,0.14,0.0,0.07,0.0,0.07,0.0,0
587,2018-12-04,338,92,101,30,436,-1,-1,23,498,890,0.0,0.0,0.23,0.0,0.13,0.0,0
588,2017-09-13,153,9,5,92,11,-1,22,52,-1,513,0.29,0.0,0.37,0.0,0.52,0.0,1
589,2019-06-03,153,63,14,109,175,152,24,141,628,1141,0.0,0.0,0.13,0.0,0.1,0.0,1
590,2016-04-29,326,0,-1,-1,-1,-1,-1,-1,-1,0,0.0,0.0,0.0,0.0,0.0,0.0,1
591,2016-11-02,326,57,-1,-1,-1,-1,-1,-1,187,187,0.0,0.0,0.0,0.0,0.0,0.0,1
592,2017-02-24,327,53,-1,-1,-1,-1,-1,-1,-1,171,0.0,0.0,0.0,0.0,0.0,0.0,0
593,2017-11-28,327,85,14,43,-1,42,-1,-1,277,448,0.0,0.0,0.03,0.0,0.07,0.0,1
594,2019-06-19,327,163,192,87,194,26,30,73,568,1016,0.0,0.0,0.03,0.0,0.52,0.0,0
595,2017-02-27,340,56,-1,-1,-1,-1,-1,-1,-1,174,0.0,0.0,0.0,0.0,0.0,0.0,0
596,2018-10-26,340,53,3,1,336,106,102,243,606,780,0.43,0.0,0.23,0.0,0.17,0.02,0
597,2016-12-15,342,100,-1,-1,-1,-1,-1,-1,-1,100,0.0,0.0,0.0,0.0,0.0,0.0,1
598,2017-07-21,342,25,-1,21,16,20,-1,-1,218,318,0.0,0.0,0.1,0.0,0.05,0.0,0
599,2018-05-13,342,41,108,13,312,170,-1,-1,296,614,0.0,0.0,0.07,0.0,0.03,0.0,1
600,2018-09-07,342,4,225,11,64,287,-1,96,117,731,0.0,0.0,0.07,0.0,0.05,0.0,1
601,2018-12-07,342,95,316,6,155,378,-1,187,91,822,0.14,0.0,0.07,0.0,0.08,0.0,0
602,2019-04-17,342,16,3,37,107,74,-1,10,131,953,0.29,0.0,0.47,0.0,0.27,0.0,1
603,2016-10-04,344,28,-1,-1,-1,-1,-1,-1,-1,28,0.0,0.0,0.0,0.0,0.0,0.0,0
604,2016-09-27,345,21,-1,-1,-1,-1,-1,-1,-1,21,0.0,0.0,0.0,0.0,0.0,0.0,1
605,2017-05-22,347,49,-1,31,-1,-1,-1,-1,-1,258,0.0,0.0,0.0,0.0,0.02,0.0,0
606,2019-02-25,348,49,674,37,55,-1,-1,1,-1,902,0.86,0.0,0.23,0.0,0.15,0.0,0
607,2017-05-26,351,53,-1,42,-1,-1,-1,-1,-1,262,0.0,0.0,0.0,0.0,0.05,0.0,0
608,2018-12-10,351,98,15,4,342,133,-1,211,563,825,0.14,0.0,0.1,0.0,0.1,0.0,0
609,2016-12-20,354,105,-1,-1,-1,-1,-1,-1,-1,105,0.0,0.0,0.0,0.0,0.0,0.0,1
610,2018-03-12,354,70,117,105,194,-1,-1,-1,447,552,0.0,0.0,0.0,0.0,0.0,0.0,0
611,2017-12-14,355,101,75,45,33,-1,-1,-1,-1,464,0.0,0.0,0.0,0.0,0.03,0.0,1
612,2018-03-03,355,61,1,2,60,-1,-1,48,79,543,0.43,0.0,0.17,0.0,0.2,0.0,0
613,2018-06-01,355,60,14,22,150,63,-1,138,90,633,0.0,0.0,0.07,0.03,0.05,0.02,1
614,2018-07-13,355,18,35,4,192,105,-1,180,42,675,0.29,0.0,0.07,0.03,0.1,0.03,0
615,2017-04-16,356,13,-1,3,-1,-1,-1,-1,-1,222,0.14,0.0,0.03,0.0,0.02,0.0,1
616,2018-10-20,356,47,20,54,291,21,206,55,552,774,0.0,0.0,0.13,0.0,0.17,0.0,0
617,2016-09-21,357,15,-1,-1,-1,-1,-1,-1,-1,15,0.0,0.0,0.0,0.0,0.0,0.0,1
618,2016-09-27,357,21,-1,-1,-1,-1,-1,-1,6,21,0.0,0.0,0.0,0.0,0.0,0.0,1
619,2017-12-06,357,93,78,14,151,-1,-1,-1,435,456,0.0,0.0,0.03,0.0,0.05,0.0,0
620,2019-06-28,357,88,49,43,177,233,-1,75,569,1025,0.0,0.0,0.0,0.0,0.08,0.0,1
621,2019-07-24,357,114,75,6,16,259,-1,101,26,1051,0.14,0.0,0.1,0.0,0.05,0.0,0
622,2017-12-14,358,101,-1,73,110,-1,-1,-1,-1,464,0.0,0.0,0.0,0.0,0.0,0.0,1
623,2018-06-21,358,80,-1,155,299,-1,-1,-1,189,653,0.0,0.0,0.0,0.0,0.0,0.0,0
624,2017-09-07,359,3,-1,14,127,136,-1,-1,-1,366,0.0,0.0,0.03,0.0,0.03,0.0,1
625,2017-12-30,359,117,-1,12,241,5,13,-1,114,480,0.14,0.0,0.63,0.0,0.82,0.0,0
626,2018-08-20,359,56,153,28,474,61,246,99,233,713,0.0,0.0,0.03,0.0,0.02,0.0,1
627,2018-08-30,359,66,163,9,484,71,256,109,10,723,0.0,0.0,0.03,0.0,0.03,0.0,0
628,2016-09-16,360,10,-1,-1,-1,-1,-1,-1,-1,10,0.0,0.0,0.0,0.0,0.0,0.0,1
629,2016-11-09,361,64,-1,-1,-1,-1,-1,-1,-1,64,0.0,0.0,0.0,0.0,0.0,0.0,1
630,2017-03-01,361,58,-1,-1,-1,-1,-1,-1,112,176,0.0,0.0,0.0,0.0,0.0,0.0,1
631,2017-05-11,361,38,23,21,-1,-1,-1,-1,71,247,0.0,0.0,0.1,0.0,0.05,0.0,0
632,2017-09-13,361,9,11,146,-1,-1,7,-1,125,372,0.0,0.0,0.37,0.0,0.2,0.0,0
633,2017-12-14,361,101,103,238,-1,5,99,-1,92,464,0.14,0.0,0.03,0.0,0.02,0.0,0
634,2018-09-30,361,27,197,42,165,2,389,-1,290,754,0.14,0.0,0.03,0.0,0.03,0.0,1
635,2017-06-03,362,61,-1,1,-1,-1,-1,-1,-1,270,0.14,0.0,0.07,0.0,0.03,0.0,0
636,2017-01-20,350,18,-1,-1,-1,-1,-1,-1,-1,18,0.0,0.0,0.0,0.0,0.0,0.0,0
637,2018-01-07,350,6,29,24,-1,-1,-1,-1,352,370,0.0,0.0,0.07,0.0,0.03,0.0,1
638,2018-08-03,350,39,14,6,149,-1,-1,82,208,578,0.14,0.0,0.07,0.0,0.03,0.0,0
639,2018-04-24,352,22,45,3,220,42,-1,-1,-1,477,0.14,0.0,0.1,0.0,0.08,0.0,1
640,2016-12-09,363,0,-1,-1,-1,-1,-1,-1,-1,0,0.0,0.0,0.0,0.0,0.0,0.0,0
641,2017-09-10,363,6,-1,17,-1,-1,-1,-1,275,275,0.0,0.0,0.03,0.0,0.02,0.0,1
642,2017-10-12,363,38,19,49,-1,-1,-1,-1,32,307,0.0,0.0,0.03,0.03,0.03,0.02,1
643,2016-10-27,364,0,-1,-1,-1,-1,-1,-1,-1,0,0.0,0.0,0.0,0.0,0.0,0.0,1
644,2017-05-18,364,45,-1,34,-1,-1,-1,-1,203,203,0.0,0.0,0.0,0.0,0.02,0.0,1
645,2017-05-30,364,57,-1,46,-1,-1,-1,-1,12,215,0.0,0.0,0.0,0.0,0.02,0.0,1
646,2016-11-01,365,0,-1,-1,-1,-1,-1,-1,-1,0,0.0,0.0,0.0,0.0,0.0,0.0,1
647,2017-03-15,365,72,-1,-1,-1,-1,-1,-1,134,134,0.0,0.0,0.0,0.0,0.0,0.0,0
648,2018-02-16,366,46,103,49,42,140,-1,-1,-1,410,0.0,0.0,0.0,0.0,0.03,0.0,0
649,2018-02-21,366,51,108,54,47,145,-1,-1,5,415,0.0,0.0,0.0,0.0,0.03,0.0,1
650,2017-06-29,368,3,-1,14,-1,-1,-1,-1,-1,178,0.0,0.0,0.03,0.0,0.02,0.0,0
651,2017-08-10,368,45,-1,23,-1,-1,-1,-1,42,220,0.0,0.0,0.03,0.0,0.03,0.0,0
652,2018-10-09,368,36,12,4,307,154,-1,-1,425,645,0.14,0.0,0.17,0.0,0.12,0.0,0
653,2016-12-19,370,0,-1,-1,-1,-1,-1,-1,-1,0,0.0,0.0,0.0,0.0,0.0,0.0,1
654,2018-03-21,371,79,98,19,-1,-1,178,-1,-1,443,0.0,0.0,0.17,0.0,0.1,0.0,1
655,2018-08-07,371,43,59,46,-1,67,317,-1,139,582,0.0,0.0,0.0,0.0,0.03,0.0,0
656,2017-07-07,372,11,-1,14,-1,2,86,-1,-1,186,0.14,0.0,0.07,0.0,0.03,0.0,1
657,2017-09-28,372,24,59,8,-1,85,169,-1,83,269,0.0,0.0,0.03,0.0,0.03,0.0,0
658,2017-08-23,373,58,-1,63,-1,-1,-1,-1,-1,233,0.0,0.0,0.0,0.0,0.0,0.0,0
659,2019-05-23,373,52,10,4,119,55,249,46,638,871,0.14,0.0,0.2,0.0,0.23,0.0,1
660,2017-01-11,374,9,-1,-1,-1,-1,-1,-1,-1,9,0.0,0.0,0.0,0.0,0.0,0.0,1
661,2016-12-22,375,0,-1,-1,-1,-1,-1,-1,-1,0,0.0,0.0,0.0,0.0,0.0,0.0,1
662,2017-07-17,375,21,-1,-1,-1,-1,-1,-1,207,207,0.0,0.0,0.0,0.0,0.0,0.0,1
663,2017-10-28,375,54,-1,-1,-1,-1,-1,-1,103,310,0.0,0.0,0.0,0.0,0.0,0.0,0
664,2018-06-01,375,60,34,6,101,97,-1,-1,216,526,0.14,0.0,0.03,0.0,0.07,0.0,1
665,2018-09-10,375,7,135,17,202,198,-1,-1,101,627,0.0,0.0,0.03,0.0,0.03,0.0,1
666,2018-02-05,376,35,3,130,-1,-1,158,-1,-1,399,0.14,0.0,0.03,0.0,0.02,0.0,0
667,2017-08-09,377,44,-1,49,-1,-1,-1,-1,-1,219,0.0,0.0,0.0,0.0,0.02,0.0,1
668,2017-05-23,325,50,-1,-1,-1,-1,-1,-1,-1,50,0.0,0.0,0.0,0.0,0.0,0.0,0
669,2018-10-17,367,44,12,5,-1,-1,-1,-1,-1,562,0.14,0.0,0.07,0.0,0.05,0.0,0
670,2019-01-26,367,19,113,12,-1,-1,-1,62,101,663,0.0,0.0,0.03,0.0,0.05,0.0,0
671,2019-04-27,367,26,14,52,-1,6,-1,28,91,754,0.14,0.0,0.13,0.0,0.15,0.0,1
672,2017-07-18,378,22,-1,-1,-1,-1,-1,-1,-1,106,0.0,0.0,0.0,0.0,0.0,0.0,1
673,2018-03-15,379,73,-1,-1,-1,-1,-1,-1,-1,346,0.0,0.0,0.0,0.0,0.0,0.0,0
674,2019-05-07,379,36,21,55,-1,1,57,44,418,764,0.14,0.0,0.07,0.0,0.27,0.0,0
675,2017-06-12,380,70,-1,-1,-1,-1,-1,-1,-1,70,0.0,0.0,0.0,0.0,0.0,0.0,0
676,2017-07-03,380,7,-1,-1,-1,-1,-1,-1,21,91,0.0,0.0,0.0,0.0,0.0,0.0,1
677,2018-11-03,381,61,35,5,137,121,-1,-1,-1,579,0.29,0.0,0.17,0.0,0.2,0.0,1
678,2019-03-17,381,69,28,6,76,127,83,-1,134,713,0.14,0.0,0.2,0.0,0.2,0.0,1
679,2018-04-24,382,22,6,-1,-1,-1,-1,-1,-1,386,0.14,0.0,0.07,0.0,0.03,0.0,1
680,2017-04-03,384,0,-1,-1,-1,-1,-1,-1,-1,0,0.0,0.0,0.0,0.0,0.0,0.0,1
681,2019-01-07,385,126,151,84,-1,119,-1,-1,-1,644,0.0,0.0,0.0,0.0,0.0,0.0,1
682,2017-08-16,387,51,-1,-1,-1,-1,-1,-1,-1,135,0.0,0.0,0.0,0.0,0.0,0.0,0
683,2017-09-01,387,67,-1,-1,-1,-1,-1,-1,16,151,0.0,0.0,0.0,0.0,0.0,0.0,0
684,2017-11-02,387,59,-1,-1,-1,-1,-1,-1,62,213,0.0,0.0,0.0,0.0,0.0,0.0,1
685,2017-06-16,388,74,-1,-1,-1,-1,-1,-1,-1,74,0.0,0.0,0.0,0.0,0.0,0.0,1
686,2017-10-30,388,56,-1,-1,-1,-1,-1,-1,136,210,0.0,0.0,0.0,0.0,0.0,0.0,0
687,2017-10-31,388,57,-1,-1,-1,-1,-1,-1,1,211,0.0,0.0,0.0,0.0,0.0,0.0,1
688,2018-08-03,388,39,28,57,-1,-1,-1,-1,276,487,0.0,0.0,0.07,0.0,0.08,0.0,1
689,2018-10-01,388,28,33,116,-1,-1,-1,-1,59,546,0.0,0.0,0.0,0.0,0.1,0.0,0
690,2018-12-27,388,115,6,11,-1,-1,4,-1,87,633,0.29,0.0,0.17,0.0,0.18,0.0,0
691,2019-02-01,388,25,6,15,23,-1,40,-1,36,669,0.14,0.0,0.17,0.0,0.17,0.0,1
692,2019-07-31,388,30,56,21,203,67,220,108,180,849,0.0,0.0,0.03,0.0,0.08,0.0,1
693,2018-01-17,390,16,-1,-1,-1,-1,-1,-1,-1,205,0.0,0.0,0.0,0.0,0.0,0.0,0
694,2019-03-03,390,55,-1,15,-1,173,-1,-1,410,615,0.0,0.0,0.03,0.0,0.02,0.0,1
695,2019-06-03,390,63,36,81,7,38,-1,50,92,707,0.0,0.0,0.03,0.0,0.18,0.0,0
696,2017-11-28,391,85,-1,-1,-1,-1,-1,-1,-1,155,0.0,0.0,0.0,0.0,0.0,0.0,1
697,2018-02-09,391,39,-1,-1,-1,-1,-1,-1,73,228,0.0,0.0,0.0,0.0,0.0,0.0,0
698,2018-08-04,392,40,18,2,-1,-1,-1,-1,-1,404,0.14,0.0,0.3,0.0,0.3,0.0,0
699,2017-10-23,383,49,-1,-1,-1,-1,-1,-1,-1,49,0.0,0.0,0.0,0.0,0.0,0.0,1
700,2017-12-20,383,107,-1,-1,-1,-1,-1,-1,58,107,0.0,0.0,0.0,0.0,0.0,0.0,1
701,2018-05-24,383,52,-1,-1,-1,-1,-1,-1,155,262,0.0,0.0,0.0,0.0,0.0,0.0,0
702,2017-03-17,389,0,-1,-1,-1,-1,-1,-1,-1,0,0.0,0.0,0.0,0.0,0.0,0.0,1
703,2017-12-26,389,113,-1,-1,-1,-1,-1,-1,284,284,0.0,0.0,0.0,0.0,0.0,0.0,1
704,2018-05-11,393,39,-1,4,-1,-1,-1,-1,-1,130,0.14,0.0,0.1,0.0,0.12,0.0,1
705,2018-10-28,393,55,23,30,-1,97,-1,-1,170,300,0.0,0.0,0.07,0.0,0.1,0.0,1
706,2018-11-26,394,84,49,6,-1,-1,217,-1,-1,329,0.14,0.0,0.13,0.0,0.18,0.0,0
707,2019-02-03,397,27,-1,55,-1,-1,-1,-1,-1,398,0.0,0.0,0.0,0.0,0.02,0.02,1
708,2018-05-11,398,39,14,4,-1,-1,-1,-1,-1,130,0.14,0.0,0.2,0.0,0.1,0.0,0
709,2018-09-10,398,7,35,10,-1,-1,-1,-1,122,252,0.0,0.0,0.13,0.0,0.22,0.0,1
710,2018-12-02,398,90,63,6,-1,-1,-1,-1,83,335,0.14,0.0,0.07,0.0,0.05,0.0,0
711,2018-10-13,399,40,179,30,-1,-1,-1,-1,-1,285,0.0,0.0,0.0,0.0,0.05,0.0,0
712,2018-08-21,400,57,7,11,-1,-1,-1,-1,-1,232,0.0,0.0,0.13,0.0,0.08,0.0,0
713,2019-01-20,400,13,9,29,-1,118,-1,-1,152,384,0.0,0.0,0.07,0.0,0.1,0.0,1
714,2019-06-26,400,86,42,9,30,275,-1,-1,157,541,0.0,0.0,0.13,0.0,0.18,0.0,0
715,2019-03-11,401,63,14,1,-1,122,-1,-1,-1,434,0.43,0.0,0.27,0.0,0.2,0.0,0
716,2018-01-29,402,28,-1,-1,-1,-1,-1,-1,-1,28,0.0,0.0,0.0,0.0,0.0,0.0,1
717,2018-09-18,402,15,-1,81,-1,-1,-1,-1,232,260,0.0,0.0,0.0,0.0,0.0,0.0,0
718,2019-01-28,402,21,-1,19,-1,-1,-1,-1,132,392,0.0,0.0,0.03,0.0,0.02,0.0,1
719,2019-07-18,402,17,41,190,115,5,-1,-1,171,563,0.14,0.0,0.03,0.0,0.03,0.0,1
720,2018-04-18,403,16,-1,-1,-1,-1,-1,-1,-1,107,0.0,0.0,0.0,0.0,0.0,0.0,1
721,2018-12-07,403,95,-1,49,-1,-1,-1,-1,233,340,0.0,0.0,0.0,0.0,0.03,0.0,0
722,2018-01-22,404,21,-1,-1,-1,-1,-1,-1,-1,21,0.0,0.0,0.0,0.0,0.0,0.0,1
723,2018-02-28,404,58,-1,-1,-1,-1,-1,-1,37,58,0.0,0.0,0.0,0.0,0.0,0.0,0
724,2018-09-14,404,11,-1,8,-1,71,-1,-1,198,256,0.0,0.0,0.03,0.0,0.02,0.0,0
725,2018-06-11,405,70,-1,20,-1,-1,-1,-1,-1,161,0.0,0.0,0.07,0.0,0.03,0.0,0
726,2019-04-19,405,18,27,2,-1,93,-1,-1,312,473,0.14,0.0,0.07,0.0,0.03,0.0,1
727,2018-07-09,410,14,-1,-1,-1,-1,-1,-1,-1,98,0.0,0.0,0.0,0.0,0.0,0.0,1
728,2018-02-19,412,0,-1,-1,-1,-1,-1,-1,-1,0,0.0,0.0,0.0,0.0,0.0,0.0,1
729,2018-07-20,412,25,-1,-1,-1,-1,-1,-1,151,151,0.0,0.0,0.0,0.0,0.0,0.0,1
730,2018-07-17,411,22,-1,-1,-1,-1,-1,-1,-1,22,0.0,0.0,0.0,0.0,0.0,0.0,1
731,2019-03-08,411,60,-1,-1,-1,-1,-1,-1,234,256,0.0,0.0,0.0,0.0,0.0,0.0,1
732,2018-02-28,414,0,-1,-1,-1,-1,-1,-1,-1,0,0.0,0.0,0.0,0.0,0.0,0.0,1
733,2019-01-16,414,9,-1,-1,-1,-1,-1,-1,322,322,0.0,0.0,0.0,0.0,0.0,0.0,0
734,2019-05-16,414,45,-1,-1,-1,-1,-1,-1,120,442,0.0,0.0,0.0,0.0,0.0,0.0,0
735,2019-05-15,419,44,11,5,-1,-1,-1,-1,-1,254,0.14,0.0,0.3,0.0,0.18,0.0,0
736,2017-12-04,406,0,-1,-1,-1,-1,-1,-1,-1,0,0.0,0.0,0.0,0.0,0.0,0.0,1
737,2019-04-15,425,14,-1,-1,-1,-1,-1,-1,-1,98,0.0,0.0,0.0,0.0,0.0,0.0,1
738,2019-06-27,426,87,61,6,-1,-1,-1,-1,-1,171,0.14,0.0,0.07,0.0,0.07,0.0,1
